{
	"credit": "Made with Blockbench",
	"ambientocclusion": false,
	"textures": {
		"particle": "block/lily_pad",
		"texture": "block/lily_pad"
	},
	"elements": [
		{
			"from": [0, 0.25, 0],
			"to": [16, 0.25, 16],
			"faces": {
				"up": {"uv": [0, 0, 16, 16], "texture": "#texture", "tintindex": 0},
				"down": {"uv": [0, 16, 16, 0], "texture": "#texture", "tintindex": 0}
			}
		},
		{
			"from": [2, 0, 1],
			"to": [15, 0.4, 15],
			"faces": {
				"north": {"uv": [2, 1, 15, 2], "texture": "#texture"},
				"east": {"uv": [14, 15, 15, 1], "rotation": 270, "texture": "#texture"},
				"south": {"uv": [2, 14, 15, 15], "texture": "#texture"},
				"west": {"uv": [2, 1, 3, 15], "rotation": 270, "texture": "#texture"},
				"up": {"uv": [2, 1, 15, 15], "texture": "#texture"},
				"down": {"uv": [2, 1, 15, 15], "rotation": 180, "texture": "#texture"}
			}
		}
	],
	"display": {
		"thirdperson_righthand": {
			"rotation": [50, 0, 0],
			"translation": [0, 3, 2],
			"scale": [0.6, 0.6, 0.6]
		},
		"thirdperson_lefthand": {
			"rotation": [50, 0, 0],
			"translation": [0, 3, 2],
			"scale": [0.6, 0.6, 0.6]
		},
		"firstperson_righthand": {
			"rotation": [50, 0, 0],
			"translation": [5, 3, 2],
			"scale": [0.8, 0.8, 0.8]
		},
		"firstperson_lefthand": {
			"rotation": [50, 0, 0],
			"translation": [6, 3, 2],
			"scale": [0.8, 0.8, 0.8]
		},
		"ground": {
			"translation": [0, 0.75, 0],
			"scale": [0.6, 0.6, 0.6]
		},
		"gui": {
			"rotation": [90, 0, 0]
		},
		"head": {
			"translation": [-0.5, 14.5, 0]
		},
		"fixed": {
			"rotation": [90, 0, 0],
			"translation": [0, 0, 7.75]
		}
	}
}