{
	"credit": "Made with Blockbench",
	"textures": {
		"1": "block/activator_rail_on",
		"particle": "block/activator_rail"
	},
	"elements": [
		{
			"from": [10, -1, 2],
			"to": [12, 0.2, 4],
			"rotation": {"angle": -45, "axis": "x", "origin": [0, 0, 0], "rescale": true},
			"faces": {
				"north": {"uv": [10, 1, 12, 3], "texture": "#1"},
				"east": {"uv": [10, 1, 12, 3], "texture": "#1"},
				"south": {"uv": [10, 1, 12, 3], "texture": "#1"},
				"west": {"uv": [10, 1, 12, 3], "texture": "#1"},
				"up": {"uv": [10, 1, 12, 3], "texture": "#1"},
				"down": {"uv": [10, 1, 12, 3], "texture": "#1"}
			}
		},
		{
			"from": [1, -1, 2],
			"to": [2, 0, 4],
			"rotation": {"angle": -45, "axis": "x", "origin": [0, 0, 0], "rescale": true},
			"faces": {
				"north": {"uv": [1, 1, 2, 3], "texture": "#1"},
				"east": {"uv": [1, 1, 2, 3], "texture": "#1"},
				"south": {"uv": [1, 1, 2, 3], "texture": "#1"},
				"west": {"uv": [1, 1, 2, 3], "texture": "#1"},
				"up": {"uv": [1, 1, 2, 3], "texture": "#1"},
				"down": {"uv": [1, 1, 2, 3], "texture": "#1"}
			}
		},
		{
			"from": [4, -1, 10],
			"to": [6, 0.2, 12],
			"rotation": {"angle": -45, "axis": "x", "origin": [0, 0, 0], "rescale": true},
			"faces": {
				"north": {"uv": [4, 9, 6, 11], "texture": "#1"},
				"east": {"uv": [4, 9, 6, 11], "texture": "#1"},
				"south": {"uv": [4, 9, 6, 11], "texture": "#1"},
				"west": {"uv": [4, 9, 6, 11], "texture": "#1"},
				"up": {"uv": [4, 9, 6, 11], "texture": "#1"},
				"down": {"uv": [4, 9, 6, 11], "texture": "#1"}
			}
		},
		{
			"from": [4, -1, 2],
			"to": [6, 0.2, 4],
			"rotation": {"angle": -45, "axis": "x", "origin": [0, 0, 0], "rescale": true},
			"faces": {
				"north": {"uv": [4, 1, 6, 3], "texture": "#1"},
				"east": {"uv": [4, 1, 6, 3], "texture": "#1"},
				"south": {"uv": [4, 1, 6, 3], "texture": "#1"},
				"west": {"uv": [4, 1, 6, 3], "texture": "#1"},
				"up": {"uv": [4, 1, 6, 3], "texture": "#1"},
				"down": {"uv": [4, 1, 6, 3], "texture": "#1"}
			}
		},
		{
			"from": [7, -1, 4],
			"to": [9, 0.2, 6],
			"rotation": {"angle": -45, "axis": "x", "origin": [0, 0, 0], "rescale": true},
			"faces": {
				"north": {"uv": [7, 3, 9, 5], "texture": "#1"},
				"east": {"uv": [7, 3, 9, 5], "texture": "#1"},
				"south": {"uv": [7, 3, 9, 5], "texture": "#1"},
				"west": {"uv": [7, 3, 9, 5], "texture": "#1"},
				"up": {"uv": [7, 3, 9, 5], "texture": "#1"},
				"down": {"uv": [7, 3, 9, 5], "texture": "#1"}
			}
		},
		{
			"from": [7, -1, 8],
			"to": [9, 0.2, 10],
			"rotation": {"angle": -45, "axis": "x", "origin": [0, 0, 0], "rescale": true},
			"faces": {
				"north": {"uv": [7, 7, 9, 9], "texture": "#1"},
				"east": {"uv": [7, 7, 9, 9], "texture": "#1"},
				"south": {"uv": [7, 7, 9, 9], "texture": "#1"},
				"west": {"uv": [7, 7, 9, 9], "texture": "#1"},
				"up": {"uv": [7, 7, 9, 9], "texture": "#1"},
				"down": {"uv": [7, 7, 9, 9], "texture": "#1"}
			}
		},
		{
			"from": [10, -1, 10],
			"to": [12, 0.2, 12],
			"rotation": {"angle": -45, "axis": "x", "origin": [0, 0, 0], "rescale": true},
			"faces": {
				"north": {"uv": [10, 9, 12, 11], "texture": "#1"},
				"east": {"uv": [10, 9, 12, 11], "texture": "#1"},
				"south": {"uv": [10, 9, 12, 11], "texture": "#1"},
				"west": {"uv": [10, 9, 12, 11], "texture": "#1"},
				"up": {"uv": [10, 9, 12, 11], "texture": "#1"},
				"down": {"uv": [10, 9, 12, 11], "texture": "#1"}
			}
		},
		{
			"from": [7, -1, 12],
			"to": [9, 0.2, 14],
			"rotation": {"angle": -45, "axis": "x", "origin": [0, 0, 0], "rescale": true},
			"faces": {
				"north": {"uv": [7, 11, 9, 13], "texture": "#1"},
				"east": {"uv": [7, 11, 9, 13], "texture": "#1"},
				"south": {"uv": [7, 11, 9, 13], "texture": "#1"},
				"west": {"uv": [7, 11, 9, 13], "texture": "#1"},
				"up": {"uv": [7, 11, 9, 13], "texture": "#1"},
				"down": {"uv": [7, 11, 9, 13], "texture": "#1"}
			}
		},
		{
			"from": [4, -1, 14],
			"to": [6, 0.2, 16],
			"rotation": {"angle": -45, "axis": "x", "origin": [0, 0, 0], "rescale": true},
			"faces": {
				"north": {"uv": [4, 13, 6, 15], "texture": "#1"},
				"east": {"uv": [4, 13, 6, 15], "texture": "#1"},
				"south": {"uv": [4, 13, 6, 15], "texture": "#1"},
				"west": {"uv": [4, 13, 6, 15], "texture": "#1"},
				"up": {"uv": [4, 13, 6, 15], "texture": "#1"},
				"down": {"uv": [4, 13, 6, 15], "texture": "#1"}
			}
		},
		{
			"from": [4, -1, 6],
			"to": [6, 0.2, 8],
			"rotation": {"angle": -45, "axis": "x", "origin": [0, 0, 0], "rescale": true},
			"faces": {
				"north": {"uv": [4, 5, 6, 7], "texture": "#1"},
				"east": {"uv": [4, 5, 6, 7], "texture": "#1"},
				"south": {"uv": [4, 5, 6, 7], "texture": "#1"},
				"west": {"uv": [4, 5, 6, 7], "texture": "#1"},
				"up": {"uv": [4, 5, 6, 7], "texture": "#1"},
				"down": {"uv": [4, 5, 6, 7], "texture": "#1"}
			}
		},
		{
			"from": [13, -1, 16],
			"to": [14, 1, 17],
			"rotation": {"angle": -45, "axis": "x", "origin": [0, 0, 0], "rescale": true},
			"faces": {
				"north": {"uv": [13, 15, 14, 16], "texture": "#1"},
				"east": {"uv": [13, 15, 14, 16], "texture": "#1"},
				"south": {"uv": [13, 15, 14, 16], "texture": "#1"},
				"west": {"uv": [13, 15, 14, 16], "texture": "#1"},
				"up": {"uv": [13, 15, 14, 16], "texture": "#1"},
				"down": {"uv": [13, 15, 14, 16], "texture": "#1"}
			}
		},
		{
			"from": [12, -1, 16],
			"to": [13, 1, 17],
			"rotation": {"angle": -45, "axis": "x", "origin": [0, 0, 0], "rescale": true},
			"faces": {
				"north": {"uv": [12, 15, 13, 16], "texture": "#1"},
				"east": {"uv": [12, 15, 13, 16], "texture": "#1"},
				"south": {"uv": [12, 15, 13, 16], "texture": "#1"},
				"west": {"uv": [12, 15, 13, 16], "texture": "#1"},
				"up": {"uv": [12, 15, 13, 16], "texture": "#1"},
				"down": {"uv": [12, 15, 13, 16], "texture": "#1"}
			}
		},
		{
			"from": [3, -1, 16],
			"to": [4, 1, 17],
			"rotation": {"angle": -45, "axis": "x", "origin": [0, 0, 0], "rescale": true},
			"faces": {
				"north": {"uv": [3, 15, 4, 16], "texture": "#1"},
				"east": {"uv": [3, 15, 4, 16], "texture": "#1"},
				"south": {"uv": [3, 15, 4, 16], "texture": "#1"},
				"west": {"uv": [3, 15, 4, 16], "texture": "#1"},
				"up": {"uv": [3, 15, 4, 16], "texture": "#1"},
				"down": {"uv": [3, 15, 4, 16], "texture": "#1"}
			}
		},
		{
			"from": [2, -1, 16],
			"to": [3, 1, 17],
			"rotation": {"angle": -45, "axis": "x", "origin": [0, 0, 0], "rescale": true},
			"faces": {
				"north": {"uv": [2, 15, 3, 16], "texture": "#1"},
				"east": {"uv": [2, 15, 3, 16], "texture": "#1"},
				"south": {"uv": [2, 15, 3, 16], "texture": "#1"},
				"west": {"uv": [2, 15, 3, 16], "texture": "#1"},
				"up": {"uv": [2, 15, 3, 16], "texture": "#1"},
				"down": {"uv": [2, 15, 3, 16], "texture": "#1"}
			}
		},
		{
			"from": [13, -1, 1],
			"to": [14, 1, 2],
			"rotation": {"angle": -45, "axis": "x", "origin": [0, 0, 0], "rescale": true},
			"faces": {
				"north": {"uv": [13, 0, 14, 1], "texture": "#1"},
				"east": {"uv": [13, 0, 14, 1], "texture": "#1"},
				"south": {"uv": [13, 0, 14, 1], "texture": "#1"},
				"west": {"uv": [13, 0, 14, 1], "texture": "#1"},
				"up": {"uv": [13, 0, 14, 1], "texture": "#1"},
				"down": {"uv": [13, 0, 14, 1], "texture": "#1"}
			}
		},
		{
			"from": [12, -1, 1],
			"to": [13, 1, 2],
			"rotation": {"angle": -45, "axis": "x", "origin": [0, 0, 0], "rescale": true},
			"faces": {
				"north": {"uv": [12, 0, 13, 1], "texture": "#1"},
				"east": {"uv": [12, 0, 13, 1], "texture": "#1"},
				"south": {"uv": [12, 0, 13, 1], "texture": "#1"},
				"west": {"uv": [12, 0, 13, 1], "texture": "#1"},
				"up": {"uv": [12, 0, 13, 1], "texture": "#1"},
				"down": {"uv": [12, 0, 13, 1], "texture": "#1"}
			}
		},
		{
			"from": [3, -1, 1],
			"to": [4, 1, 2],
			"rotation": {"angle": -45, "axis": "x", "origin": [0, 0, 0], "rescale": true},
			"faces": {
				"north": {"uv": [3, 0, 4, 1], "texture": "#1"},
				"east": {"uv": [3, 0, 4, 1], "texture": "#1"},
				"south": {"uv": [3, 0, 4, 1], "texture": "#1"},
				"west": {"uv": [3, 0, 4, 1], "texture": "#1"},
				"up": {"uv": [3, 0, 4, 1], "texture": "#1"},
				"down": {"uv": [3, 0, 4, 1], "texture": "#1"}
			}
		},
		{
			"from": [2, -1, 1],
			"to": [3, 1, 2],
			"rotation": {"angle": -45, "axis": "x", "origin": [0, 0, 0], "rescale": true},
			"faces": {
				"north": {"uv": [2, 0, 3, 1], "texture": "#1"},
				"east": {"uv": [2, 0, 3, 1], "texture": "#1"},
				"south": {"uv": [2, 0, 3, 1], "texture": "#1"},
				"west": {"uv": [2, 0, 3, 1], "texture": "#1"},
				"up": {"uv": [2, 0, 3, 1], "texture": "#1"},
				"down": {"uv": [2, 0, 3, 1], "texture": "#1"}
			}
		},
		{
			"from": [6, -1, 14],
			"to": [10, 0, 16],
			"rotation": {"angle": -45, "axis": "x", "origin": [0, 0, 0], "rescale": true},
			"faces": {
				"north": {"uv": [6, 13, 10, 15], "texture": "#1"},
				"east": {"uv": [6, 13, 10, 15], "texture": "#1"},
				"south": {"uv": [6, 13, 10, 15], "texture": "#1"},
				"west": {"uv": [6, 13, 10, 15], "texture": "#1"},
				"up": {"uv": [6, 13, 10, 15], "texture": "#1"},
				"down": {"uv": [6, 13, 10, 15], "texture": "#1"}
			}
		},
		{
			"from": [6, -1, 10],
			"to": [10, 0, 12],
			"rotation": {"angle": -45, "axis": "x", "origin": [0, 0, 0], "rescale": true},
			"faces": {
				"north": {"uv": [6, 9, 10, 11], "texture": "#1"},
				"east": {"uv": [6, 9, 10, 11], "texture": "#1"},
				"south": {"uv": [6, 9, 10, 11], "texture": "#1"},
				"west": {"uv": [6, 9, 10, 11], "texture": "#1"},
				"up": {"uv": [6, 9, 10, 11], "texture": "#1"},
				"down": {"uv": [6, 9, 10, 11], "texture": "#1"}
			}
		},
		{
			"from": [6, -1, 6],
			"to": [10, 0, 8],
			"rotation": {"angle": -45, "axis": "x", "origin": [0, 0, 0], "rescale": true},
			"faces": {
				"north": {"uv": [6, 5, 10, 7], "texture": "#1"},
				"east": {"uv": [6, 5, 10, 7], "texture": "#1"},
				"south": {"uv": [6, 5, 10, 7], "texture": "#1"},
				"west": {"uv": [6, 5, 10, 7], "texture": "#1"},
				"up": {"uv": [6, 5, 10, 7], "texture": "#1"},
				"down": {"uv": [6, 5, 10, 7], "texture": "#1"}
			}
		},
		{
			"from": [6, -1, 2],
			"to": [10, 0, 4],
			"rotation": {"angle": -45, "axis": "x", "origin": [0, 0, 0], "rescale": true},
			"faces": {
				"north": {"uv": [6, 1, 10, 3], "texture": "#1"},
				"east": {"uv": [6, 1, 10, 3], "texture": "#1"},
				"south": {"uv": [6, 1, 10, 3], "texture": "#1"},
				"west": {"uv": [6, 1, 10, 3], "texture": "#1"},
				"up": {"uv": [6, 1, 10, 3], "texture": "#1"},
				"down": {"uv": [6, 1, 10, 3], "texture": "#1"}
			}
		},
		{
			"from": [13, -1, 2],
			"to": [14, 1, 16],
			"rotation": {"angle": -45, "axis": "x", "origin": [0, 0, 0], "rescale": true},
			"faces": {
				"north": {"uv": [13, 1, 14, 15], "texture": "#1"},
				"east": {"uv": [13, 1, 14, 15], "texture": "#1"},
				"south": {"uv": [13, 1, 14, 15], "texture": "#1"},
				"west": {"uv": [13, 1, 14, 15], "texture": "#1"},
				"up": {"uv": [13, 1, 14, 15], "texture": "#1"},
				"down": {"uv": [13, 1, 14, 15], "texture": "#1"}
			}
		},
		{
			"from": [12, -1, 2],
			"to": [13, 1, 16],
			"rotation": {"angle": -45, "axis": "x", "origin": [0, 0, 0], "rescale": true},
			"faces": {
				"north": {"uv": [12, 1, 13, 15], "texture": "#1"},
				"east": {"uv": [12, 1, 13, 15], "texture": "#1"},
				"south": {"uv": [12, 1, 13, 15], "texture": "#1"},
				"west": {"uv": [12, 1, 13, 15], "texture": "#1"},
				"up": {"uv": [12, 1, 13, 15], "texture": "#1"},
				"down": {"uv": [12, 1, 13, 15], "texture": "#1"}
			}
		},
		{
			"from": [3, -1, 2],
			"to": [4, 1, 16],
			"rotation": {"angle": -45, "axis": "x", "origin": [0, 0, 0], "rescale": true},
			"faces": {
				"north": {"uv": [3, 1, 4, 15], "texture": "#1"},
				"east": {"uv": [3, 1, 4, 15], "texture": "#1"},
				"south": {"uv": [3, 1, 4, 15], "texture": "#1"},
				"west": {"uv": [3, 1, 4, 15], "texture": "#1"},
				"up": {"uv": [3, 1, 4, 15], "texture": "#1"},
				"down": {"uv": [3, 1, 4, 15], "texture": "#1"}
			}
		},
		{
			"from": [2, -1, 2],
			"to": [3, 1, 16],
			"rotation": {"angle": -45, "axis": "x", "origin": [0, 0, 0], "rescale": true},
			"faces": {
				"north": {"uv": [2, 1, 3, 15], "texture": "#1"},
				"east": {"uv": [2, 1, 3, 15], "texture": "#1"},
				"south": {"uv": [2, 1, 3, 15], "texture": "#1"},
				"west": {"uv": [2, 1, 3, 15], "texture": "#1"},
				"up": {"uv": [2, 1, 3, 15], "texture": "#1"},
				"down": {"uv": [2, 1, 3, 15], "texture": "#1"}
			}
		},
		{
			"from": [14, -1, 14],
			"to": [15, 0, 16],
			"rotation": {"angle": -45, "axis": "x", "origin": [0, 0, 0], "rescale": true},
			"faces": {
				"north": {"uv": [14, 13, 15, 15], "texture": "#1"},
				"east": {"uv": [14, 13, 15, 15], "texture": "#1"},
				"south": {"uv": [14, 13, 15, 15], "texture": "#1"},
				"west": {"uv": [14, 13, 15, 15], "texture": "#1"},
				"up": {"uv": [14, 13, 15, 15], "texture": "#1"},
				"down": {"uv": [14, 13, 15, 15], "texture": "#1"}
			}
		},
		{
			"from": [14, -1, 10],
			"to": [15, 0, 12],
			"rotation": {"angle": -45, "axis": "x", "origin": [0, 0, 0], "rescale": true},
			"faces": {
				"north": {"uv": [14, 9, 15, 11], "texture": "#1"},
				"east": {"uv": [14, 9, 15, 11], "texture": "#1"},
				"south": {"uv": [14, 9, 15, 11], "texture": "#1"},
				"west": {"uv": [14, 9, 15, 11], "texture": "#1"},
				"up": {"uv": [14, 9, 15, 11], "texture": "#1"},
				"down": {"uv": [14, 9, 15, 11], "texture": "#1"}
			}
		},
		{
			"from": [14, -1, 6],
			"to": [15, 0, 8],
			"rotation": {"angle": -45, "axis": "x", "origin": [0, 0, 0], "rescale": true},
			"faces": {
				"north": {"uv": [14, 5, 15, 7], "texture": "#1"},
				"east": {"uv": [14, 5, 15, 7], "texture": "#1"},
				"south": {"uv": [14, 5, 15, 7], "texture": "#1"},
				"west": {"uv": [14, 5, 15, 7], "texture": "#1"},
				"up": {"uv": [14, 5, 15, 7], "texture": "#1"},
				"down": {"uv": [14, 5, 15, 7], "texture": "#1"}
			}
		},
		{
			"from": [1, -1, 14],
			"to": [2, 0, 16],
			"rotation": {"angle": -45, "axis": "x", "origin": [0, 0, 0], "rescale": true},
			"faces": {
				"north": {"uv": [1, 13, 2, 15], "texture": "#1"},
				"east": {"uv": [1, 13, 2, 15], "texture": "#1"},
				"south": {"uv": [1, 13, 2, 15], "texture": "#1"},
				"west": {"uv": [1, 13, 2, 15], "texture": "#1"},
				"up": {"uv": [1, 13, 2, 15], "texture": "#1"},
				"down": {"uv": [1, 13, 2, 15], "texture": "#1"}
			}
		},
		{
			"from": [14, -1, 2],
			"to": [15, 0, 4],
			"rotation": {"angle": -45, "axis": "x", "origin": [0, 0, 0], "rescale": true},
			"faces": {
				"north": {"uv": [14, 1, 15, 3], "texture": "#1"},
				"east": {"uv": [14, 1, 15, 3], "texture": "#1"},
				"south": {"uv": [14, 1, 15, 3], "texture": "#1"},
				"west": {"uv": [14, 1, 15, 3], "texture": "#1"},
				"up": {"uv": [14, 1, 15, 3], "texture": "#1"},
				"down": {"uv": [14, 1, 15, 3], "texture": "#1"}
			}
		},
		{
			"from": [1, -1, 10],
			"to": [2, 0, 12],
			"rotation": {"angle": -45, "axis": "x", "origin": [0, 0, 0], "rescale": true},
			"faces": {
				"north": {"uv": [1, 9, 2, 11], "texture": "#1"},
				"east": {"uv": [1, 9, 2, 11], "texture": "#1"},
				"south": {"uv": [1, 9, 2, 11], "texture": "#1"},
				"west": {"uv": [1, 9, 2, 11], "texture": "#1"},
				"up": {"uv": [1, 9, 2, 11], "texture": "#1"},
				"down": {"uv": [1, 9, 2, 11], "texture": "#1"}
			}
		},
		{
			"from": [1, -1, 6],
			"to": [2, 0, 8],
			"rotation": {"angle": -45, "axis": "x", "origin": [0, 0, 0], "rescale": true},
			"faces": {
				"north": {"uv": [1, 5, 2, 7], "texture": "#1"},
				"east": {"uv": [1, 5, 2, 7], "texture": "#1"},
				"south": {"uv": [1, 5, 2, 7], "texture": "#1"},
				"west": {"uv": [1, 5, 2, 7], "texture": "#1"},
				"up": {"uv": [1, 5, 2, 7], "texture": "#1"},
				"down": {"uv": [1, 5, 2, 7], "texture": "#1"}
			}
		},
		{
			"from": [10, -1, 14],
			"to": [12, 0.2, 16],
			"rotation": {"angle": -45, "axis": "x", "origin": [0, 0, 0], "rescale": true},
			"faces": {
				"north": {"uv": [10, 13, 12, 15], "texture": "#1"},
				"east": {"uv": [10, 13, 12, 15], "texture": "#1"},
				"south": {"uv": [10, 13, 12, 15], "texture": "#1"},
				"west": {"uv": [10, 13, 12, 15], "texture": "#1"},
				"up": {"uv": [10, 13, 12, 15], "texture": "#1"},
				"down": {"uv": [10, 13, 12, 15], "texture": "#1"}
			}
		},
		{
			"from": [10, -1, 6],
			"to": [12, 0.2, 8],
			"rotation": {"angle": -45, "axis": "x", "origin": [0, 0, 0], "rescale": true},
			"faces": {
				"north": {"uv": [10, 5, 12, 7], "texture": "#1"},
				"east": {"uv": [10, 5, 12, 7], "texture": "#1"},
				"south": {"uv": [10, 5, 12, 7], "texture": "#1"},
				"west": {"uv": [10, 5, 12, 7], "texture": "#1"},
				"up": {"uv": [10, 5, 12, 7], "texture": "#1"},
				"down": {"uv": [10, 5, 12, 7], "texture": "#1"}
			}
		}
	],
	"groups": [
		{
			"name": "group",
			"origin": [0, 0, 0],
			"color": 0,
			"children": [0, 1, 2, 3, 4, 5, 6, 7, 8, 9, 10, 11, 12, 13, 14, 15, 16, 17, 18, 19, 20, 21, 22, 23, 24, 25, 26, 27, 28, 29, 30, 31, 32, 33, 34]
		}
	]
}