{
	"credit": "Made with Blockbench",
	"textures": {
		"0": "block/detector_rail",
		"particle": "block/detector_rail"
	},
	"elements": [
		{
			"from": [6, -1, 7],
			"to": [10, 0.8, 11],
			"rotation": {"angle": -45, "axis": "x", "origin": [0, 0, 0], "rescale": true},
			"faces": {
				"north": {"uv": [6, 6, 10, 10], "texture": "#0"},
				"east": {"uv": [6, 6, 10, 10], "texture": "#0"},
				"south": {"uv": [6, 6, 10, 10], "texture": "#0"},
				"west": {"uv": [6, 6, 10, 10], "texture": "#0"},
				"up": {"uv": [6, 6, 10, 10], "texture": "#0"},
				"down": {"uv": [6, 6, 10, 10], "texture": "#0"}
			}
		},
		{
			"from": [6, -1, 6],
			"to": [10, 0.2, 7],
			"rotation": {"angle": -45, "axis": "x", "origin": [0, 0, 0], "rescale": true},
			"faces": {
				"north": {"uv": [6, 5, 10, 6], "texture": "#0"},
				"east": {"uv": [6, 5, 10, 6], "texture": "#0"},
				"south": {"uv": [6, 5, 10, 6], "texture": "#0"},
				"west": {"uv": [6, 5, 10, 6], "texture": "#0"},
				"up": {"uv": [6, 5, 10, 6], "texture": "#0"},
				"down": {"uv": [6, 5, 10, 6], "texture": "#0"}
			}
		},
		{
			"from": [6, -1, 11],
			"to": [10, 0.2, 12],
			"rotation": {"angle": -45, "axis": "x", "origin": [0, 0, 0], "rescale": true},
			"faces": {
				"north": {"uv": [6, 10, 10, 11], "texture": "#0"},
				"east": {"uv": [6, 10, 10, 11], "texture": "#0"},
				"south": {"uv": [6, 10, 10, 11], "texture": "#0"},
				"west": {"uv": [6, 10, 10, 11], "texture": "#0"},
				"up": {"uv": [6, 10, 10, 11], "texture": "#0"},
				"down": {"uv": [6, 10, 10, 11], "texture": "#0"}
			}
		},
		{
			"from": [5, -1, 6],
			"to": [6, 0.2, 12],
			"rotation": {"angle": -45, "axis": "x", "origin": [0, 0, 0], "rescale": true},
			"faces": {
				"north": {"uv": [5, 5, 6, 11], "texture": "#0"},
				"east": {"uv": [5, 5, 6, 11], "texture": "#0"},
				"south": {"uv": [5, 5, 6, 11], "texture": "#0"},
				"west": {"uv": [5, 5, 6, 11], "texture": "#0"},
				"up": {"uv": [5, 5, 6, 11], "texture": "#0"},
				"down": {"uv": [5, 5, 6, 11], "texture": "#0"}
			}
		},
		{
			"from": [10, -1, 6],
			"to": [11, 0.2, 12],
			"rotation": {"angle": -45, "axis": "x", "origin": [0, 0, 0], "rescale": true},
			"faces": {
				"north": {"uv": [10, 5, 11, 11], "texture": "#0"},
				"east": {"uv": [10, 5, 11, 11], "texture": "#0"},
				"south": {"uv": [10, 5, 11, 11], "texture": "#0"},
				"west": {"uv": [10, 5, 11, 11], "texture": "#0"},
				"up": {"uv": [10, 5, 11, 11], "texture": "#0"},
				"down": {"uv": [10, 5, 11, 11], "texture": "#0"}
			}
		},
		{
			"from": [4, -1, 14],
			"to": [12, 0, 16],
			"rotation": {"angle": -45, "axis": "x", "origin": [0, 0, 0], "rescale": true},
			"faces": {
				"north": {"uv": [4, 13, 12, 15], "texture": "#0"},
				"east": {"uv": [4, 13, 12, 15], "texture": "#0"},
				"south": {"uv": [4, 13, 12, 15], "texture": "#0"},
				"west": {"uv": [4, 13, 12, 15], "texture": "#0"},
				"up": {"uv": [4, 13, 12, 15], "texture": "#0"},
				"down": {"uv": [4, 13, 12, 15], "texture": "#0"}
			}
		},
		{
			"from": [4, -1, 2],
			"to": [12, 0, 4],
			"rotation": {"angle": -45, "axis": "x", "origin": [0, 0, 0], "rescale": true},
			"faces": {
				"north": {"uv": [4, 1, 12, 3], "texture": "#0"},
				"east": {"uv": [4, 1, 12, 3], "texture": "#0"},
				"south": {"uv": [4, 1, 12, 3], "texture": "#0"},
				"west": {"uv": [4, 1, 12, 3], "texture": "#0"},
				"up": {"uv": [4, 1, 12, 3], "texture": "#0"},
				"down": {"uv": [4, 1, 12, 3], "texture": "#0"}
			}
		},
		{
			"from": [14, -1, 2],
			"to": [15, 0, 4],
			"rotation": {"angle": -45, "axis": "x", "origin": [0, 0, 0], "rescale": true},
			"faces": {
				"north": {"uv": [14, 1, 15, 3], "texture": "#0"},
				"east": {"uv": [14, 1, 15, 3], "texture": "#0"},
				"south": {"uv": [14, 1, 15, 3], "texture": "#0"},
				"west": {"uv": [14, 1, 15, 3], "texture": "#0"},
				"up": {"uv": [14, 1, 15, 3], "texture": "#0"},
				"down": {"uv": [14, 1, 15, 3], "texture": "#0"}
			}
		},
		{
			"from": [14, -1, 6],
			"to": [15, 0, 8],
			"rotation": {"angle": -45, "axis": "x", "origin": [0, 0, 0], "rescale": true},
			"faces": {
				"north": {"uv": [14, 5, 15, 7], "texture": "#0"},
				"east": {"uv": [14, 5, 15, 7], "texture": "#0"},
				"south": {"uv": [14, 5, 15, 7], "texture": "#0"},
				"west": {"uv": [14, 5, 15, 7], "texture": "#0"},
				"up": {"uv": [14, 5, 15, 7], "texture": "#0"},
				"down": {"uv": [14, 5, 15, 7], "texture": "#0"}
			}
		},
		{
			"from": [14, -1, 10],
			"to": [15, 0, 12],
			"rotation": {"angle": -45, "axis": "x", "origin": [0, 0, 0], "rescale": true},
			"faces": {
				"north": {"uv": [14, 9, 15, 11], "texture": "#0"},
				"east": {"uv": [14, 9, 15, 11], "texture": "#0"},
				"south": {"uv": [14, 9, 15, 11], "texture": "#0"},
				"west": {"uv": [14, 9, 15, 11], "texture": "#0"},
				"up": {"uv": [14, 9, 15, 11], "texture": "#0"},
				"down": {"uv": [14, 9, 15, 11], "texture": "#0"}
			}
		},
		{
			"from": [14, -1, 14],
			"to": [15, 0, 16],
			"rotation": {"angle": -45, "axis": "x", "origin": [0, 0, 0], "rescale": true},
			"faces": {
				"north": {"uv": [14, 13, 15, 15], "texture": "#0"},
				"east": {"uv": [14, 13, 15, 15], "texture": "#0"},
				"south": {"uv": [14, 13, 15, 15], "texture": "#0"},
				"west": {"uv": [14, 13, 15, 15], "texture": "#0"},
				"up": {"uv": [14, 13, 15, 15], "texture": "#0"},
				"down": {"uv": [14, 13, 15, 15], "texture": "#0"}
			}
		},
		{
			"from": [1, -1, 2],
			"to": [2, 0, 4],
			"rotation": {"angle": -45, "axis": "x", "origin": [0, 0, 0], "rescale": true},
			"faces": {
				"north": {"uv": [1, 1, 2, 3], "texture": "#0"},
				"east": {"uv": [1, 1, 2, 3], "texture": "#0"},
				"south": {"uv": [1, 1, 2, 3], "texture": "#0"},
				"west": {"uv": [1, 1, 2, 3], "texture": "#0"},
				"up": {"uv": [1, 1, 2, 3], "texture": "#0"},
				"down": {"uv": [1, 1, 2, 3], "texture": "#0"}
			}
		},
		{
			"from": [1, -1, 6],
			"to": [2, 0, 8],
			"rotation": {"angle": -45, "axis": "x", "origin": [0, 0, 0], "rescale": true},
			"faces": {
				"north": {"uv": [1, 5, 2, 7], "texture": "#0"},
				"east": {"uv": [1, 5, 2, 7], "texture": "#0"},
				"south": {"uv": [1, 5, 2, 7], "texture": "#0"},
				"west": {"uv": [1, 5, 2, 7], "texture": "#0"},
				"up": {"uv": [1, 5, 2, 7], "texture": "#0"},
				"down": {"uv": [1, 5, 2, 7], "texture": "#0"}
			}
		},
		{
			"from": [11, -1, 6],
			"to": [12, 0, 8],
			"rotation": {"angle": -45, "axis": "x", "origin": [0, 0, 0], "rescale": true},
			"faces": {
				"north": {"uv": [4, 9, 5, 11], "texture": "#0"},
				"east": {"uv": [4, 9, 5, 11], "texture": "#0"},
				"south": {"uv": [4, 9, 5, 11], "texture": "#0"},
				"west": {"uv": [4, 9, 5, 11], "texture": "#0"},
				"up": {"uv": [4, 9, 5, 11], "texture": "#0"},
				"down": {"uv": [4, 9, 5, 11], "texture": "#0"}
			}
		},
		{
			"from": [4, -1, 6],
			"to": [5, 0, 8],
			"rotation": {"angle": -45, "axis": "x", "origin": [0, 0, 0], "rescale": true},
			"faces": {
				"north": {"uv": [4, 5, 5, 7], "texture": "#0"},
				"east": {"uv": [4, 5, 5, 7], "texture": "#0"},
				"south": {"uv": [4, 5, 5, 7], "texture": "#0"},
				"west": {"uv": [4, 5, 5, 7], "texture": "#0"},
				"up": {"uv": [4, 5, 5, 7], "texture": "#0"},
				"down": {"uv": [4, 5, 5, 7], "texture": "#0"}
			}
		},
		{
			"from": [11, -1, 10],
			"to": [12, 0, 12],
			"rotation": {"angle": -45, "axis": "x", "origin": [0, 0, 0], "rescale": true},
			"faces": {
				"north": {"uv": [11, 9, 12, 11], "texture": "#0"},
				"east": {"uv": [11, 9, 12, 11], "texture": "#0"},
				"south": {"uv": [11, 9, 12, 11], "texture": "#0"},
				"west": {"uv": [11, 9, 12, 11], "texture": "#0"},
				"up": {"uv": [11, 9, 12, 11], "texture": "#0"},
				"down": {"uv": [11, 9, 12, 11], "texture": "#0"}
			}
		},
		{
			"from": [4, -1, 10],
			"to": [5, 0, 12],
			"rotation": {"angle": -45, "axis": "x", "origin": [0, 0, 0], "rescale": true},
			"faces": {
				"north": {"uv": [4, 9, 5, 11], "texture": "#0"},
				"east": {"uv": [4, 9, 5, 11], "texture": "#0"},
				"south": {"uv": [4, 9, 5, 11], "texture": "#0"},
				"west": {"uv": [4, 9, 5, 11], "texture": "#0"},
				"up": {"uv": [4, 9, 5, 11], "texture": "#0"},
				"down": {"uv": [4, 9, 5, 11], "texture": "#0"}
			}
		},
		{
			"from": [1, -1, 10],
			"to": [2, 0, 12],
			"rotation": {"angle": -45, "axis": "x", "origin": [0, 0, 0], "rescale": true},
			"faces": {
				"north": {"uv": [1, 9, 2, 11], "texture": "#0"},
				"east": {"uv": [1, 9, 2, 11], "texture": "#0"},
				"south": {"uv": [1, 9, 2, 11], "texture": "#0"},
				"west": {"uv": [1, 9, 2, 11], "texture": "#0"},
				"up": {"uv": [1, 9, 2, 11], "texture": "#0"},
				"down": {"uv": [1, 9, 2, 11], "texture": "#0"}
			}
		},
		{
			"from": [1, -1, 14],
			"to": [2, 0, 16],
			"rotation": {"angle": -45, "axis": "x", "origin": [0, 0, 0], "rescale": true},
			"faces": {
				"north": {"uv": [1, 13, 2, 15], "texture": "#0"},
				"east": {"uv": [1, 13, 2, 15], "texture": "#0"},
				"south": {"uv": [1, 13, 2, 15], "texture": "#0"},
				"west": {"uv": [1, 13, 2, 15], "texture": "#0"},
				"up": {"uv": [1, 13, 2, 15], "texture": "#0"},
				"down": {"uv": [1, 13, 2, 15], "texture": "#0"}
			}
		},
		{
			"from": [13, -1, 1],
			"to": [14, 1, 17],
			"rotation": {"angle": -45, "axis": "x", "origin": [0, 0, 0], "rescale": true},
			"faces": {
				"north": {"uv": [13, 0, 14, 16], "texture": "#0"},
				"east": {"uv": [13, 0, 14, 16], "texture": "#0"},
				"south": {"uv": [13, 0, 14, 16], "texture": "#0"},
				"west": {"uv": [13, 0, 14, 16], "texture": "#0"},
				"up": {"uv": [13, 0, 14, 16], "texture": "#0"},
				"down": {"uv": [13, 0, 14, 16], "texture": "#0"}
			}
		},
		{
			"from": [12, -1, 1],
			"to": [13, 1, 17],
			"rotation": {"angle": -45, "axis": "x", "origin": [0, 0, 0], "rescale": true},
			"faces": {
				"north": {"uv": [12, 0, 13, 16], "texture": "#0"},
				"east": {"uv": [12, 0, 13, 16], "texture": "#0"},
				"south": {"uv": [12, 0, 13, 16], "texture": "#0"},
				"west": {"uv": [12, 0, 13, 16], "texture": "#0"},
				"up": {"uv": [12, 0, 13, 16], "texture": "#0"},
				"down": {"uv": [12, 0, 13, 16], "texture": "#0"}
			}
		},
		{
			"from": [3, -1, 1],
			"to": [4, 1, 17],
			"rotation": {"angle": -45, "axis": "x", "origin": [0, 0, 0], "rescale": true},
			"faces": {
				"north": {"uv": [3, 0, 4, 16], "texture": "#0"},
				"east": {"uv": [3, 0, 4, 16], "texture": "#0"},
				"south": {"uv": [3, 0, 4, 16], "texture": "#0"},
				"west": {"uv": [3, 0, 4, 16], "texture": "#0"},
				"up": {"uv": [3, 0, 4, 16], "texture": "#0"},
				"down": {"uv": [3, 0, 4, 16], "texture": "#0"}
			}
		},
		{
			"from": [2, -1, 1],
			"to": [3, 1, 17],
			"rotation": {"angle": -45, "axis": "x", "origin": [0, 0, 0], "rescale": true},
			"faces": {
				"north": {"uv": [2, 0, 3, 16], "texture": "#0"},
				"east": {"uv": [2, 0, 3, 16], "texture": "#0"},
				"south": {"uv": [2, 0, 3, 16], "texture": "#0"},
				"west": {"uv": [2, 0, 3, 16], "texture": "#0"},
				"up": {"uv": [2, 0, 3, 16], "texture": "#0"},
				"down": {"uv": [2, 0, 3, 16], "texture": "#0"}
			}
		}
	],
	"groups": [
		{
			"name": "group",
			"origin": [0, 0, 0],
			"color": 0,
			"children": [0, 1, 2, 3, 4, 5, 6, 7, 8, 9, 10, 11, 12, 13, 14, 15, 16, 17, 18, 19, 20, 21, 22]
		}
	]
}