{
	"credit": "Made with Blockbench",
	"ambientocclusion": false,
	"textures": {
		"particle": "block/lily_pad",
		"texture": "block/lily_pad"
	},
	"elements": [
		{
			"from": [2, 0, 4],
			"to": [8, 0.4, 11],
			"faces": {
				"north": {"uv": [2, 4, 3, 5], "texture": "#texture", "tintindex": 0 },
				"east": {"uv": [7, 4, 8, 5], "texture": "#texture", "tintindex": 0 },
				"south": {"uv": [2, 4, 8, 11], "texture": "#texture", "tintindex": 0 },
				"west": {"uv": [2, 4, 3, 11], "texture": "#texture", "tintindex": 0 },
				"up": {"uv": [2, 4, 8, 11], "texture": "#texture", "tintindex": 0 },
				"down": {"uv": [2, 11, 8, 4], "texture": "#texture", "tintindex": 0 }
			}
		},
		{
			"from": [9, 0, 4],
			"to": [15, 0.4, 11],
			"faces": {
				"north": {"uv": [14, 4, 15, 5], "texture": "#texture", "tintindex": 0 },
				"east": {"uv": [14, 4, 15, 11], "texture": "#texture", "tintindex": 0 },
				"south": {"uv": [14, 4, 15, 11], "texture": "#texture", "tintindex": 0 },
				"west": {"uv": [9, 4, 10, 5], "texture": "#texture", "tintindex": 0 },
				"up": {"uv": [9, 4, 15, 11], "texture": "#texture", "tintindex": 0 },
				"down": {"uv": [9, 11, 15, 4], "texture": "#texture", "tintindex": 0 }
			}
		},
		{
			"from": [8, 0, 5],
			"to": [9, 0.4, 15],
			"faces": {
				"north": {"uv": [8, 5, 9, 6], "texture": "#texture", "tintindex": 0 },
				"east": {"uv": [8, 5, 9, 15], "texture": "#texture", "tintindex": 0 },
				"south": {"uv": [8, 14, 9, 15], "texture": "#texture", "tintindex": 0 },
				"west": {"uv": [8, 5, 9, 15], "texture": "#texture", "tintindex": 0 },
				"up": {"uv": [8, 5, 9, 15], "texture": "#texture", "tintindex": 0 },
				"down": {"uv": [8, 15, 9, 5], "texture": "#texture", "tintindex": 0 }
			}
		},
		{
			"from": [9, 0, 3],
			"to": [14, 0.4, 4],
			"faces": {
				"north": {"uv": [9, 3, 10, 4], "texture": "#texture", "tintindex": 0 },
				"east": {"uv": [13, 3, 14, 4], "texture": "#texture", "tintindex": 0 },
				"south": {"uv": [9, 3, 14, 4], "texture": "#texture", "tintindex": 0 },
				"west": {"uv": [9, 3, 10, 4], "texture": "#texture", "tintindex": 0 },
				"up": {"uv": [9, 3, 14, 4], "texture": "#texture", "tintindex": 0 },
				"down": {"uv": [9, 3, 14, 4], "texture": "#texture", "tintindex": 0 }
			}
		},
		{
			"from": [3, 0, 3],
			"to": [8, 0.4, 4],
			"faces": {
				"north": {"uv": [3, 3, 8, 4], "texture": "#texture", "tintindex": 0 },
				"east": {"uv": [7, 3, 8, 4], "texture": "#texture", "tintindex": 0 },
				"south": {"uv": [3, 3, 8, 4], "texture": "#texture", "tintindex": 0 },
				"west": {"uv": [3, 3, 4, 4], "texture": "#texture", "tintindex": 0 },
				"up": {"uv": [3, 3, 8, 4], "texture": "#texture", "tintindex": 0 },
				"down": {"uv": [3, 4, 8, 3], "texture": "#texture", "tintindex": 0 }
			}
		},
		{
			"from": [9, 0, 11],
			"to": [14, 0.4, 13],
			"faces": {
				"north": {"uv": [9, 11, 14, 13], "texture": "#texture", "tintindex": 0 },
				"east": {"uv": [13, 11, 14, 13], "texture": "#texture", "tintindex": 0 },
				"south": {"uv": [13, 12, 14, 13], "texture": "#texture", "tintindex": 0 },
				"west": {"uv": [9, 11, 14, 13], "texture": "#texture", "tintindex": 0 },
				"up": {"uv": [9, 11, 14, 13], "texture": "#texture", "tintindex": 0 },
				"down": {"uv": [9, 13, 14, 11], "texture": "#texture", "tintindex": 0 }
			}
		},
		{
			"from": [3, 0, 11],
			"to": [8, 0.4, 13],
			"faces": {
				"north": {"uv": [3, 11, 8, 13], "texture": "#texture", "tintindex": 0 },
				"east": {"uv": [3, 11, 8, 13], "texture": "#texture", "tintindex": 0 },
				"south": {"uv": [3, 11, 4, 13], "texture": "#texture", "tintindex": 0 },
				"west": {"uv": [3, 11, 4, 13], "texture": "#texture", "tintindex": 0 },
				"up": {"uv": [3, 11, 8, 13], "texture": "#texture", "tintindex": 0 },
				"down": {"uv": [3, 13, 8, 11], "texture": "#texture", "tintindex": 0 }
			}
		},
		{
			"from": [4, 0, 13],
			"to": [8, 0.4, 14],
			"faces": {
				"north": {"uv": [4, 13, 8, 14], "texture": "#texture", "tintindex": 0 },
				"east": {"uv": [4, 13, 8, 14], "texture": "#texture", "tintindex": 0 },
				"south": {"uv": [4, 13, 5, 14], "texture": "#texture", "tintindex": 0 },
				"west": {"uv": [4, 13, 5, 14], "texture": "#texture", "tintindex": 0 },
				"up": {"uv": [4, 13, 8, 14], "texture": "#texture", "tintindex": 0 },
				"down": {"uv": [4, 14, 8, 13], "texture": "#texture", "tintindex": 0 }
			}
		},
		{
			"from": [9, 0, 13],
			"to": [13, 0.4, 14],
			"faces": {
				"north": {"uv": [9, 13, 13, 14], "texture": "#texture", "tintindex": 0 },
				"east": {"uv": [12, 13, 13, 14], "texture": "#texture", "tintindex": 0 },
				"south": {"uv": [11, 13, 13, 14], "texture": "#texture", "tintindex": 0 },
				"west": {"uv": [9, 13, 13, 14], "texture": "#texture", "tintindex": 0 },
				"up": {"uv": [9, 13, 13, 14], "texture": "#texture", "tintindex": 0 },
				"down": {"uv": [9, 14, 13, 13], "texture": "#texture", "tintindex": 0 }
			}
		},
		{
			"from": [3, 0, 2],
			"to": [7, 0.4, 3],
			"faces": {
				"north": {"uv": [3, 2, 4, 3], "texture": "#texture", "tintindex": 0 },
				"east": {"uv": [6, 2, 7, 3], "texture": "#texture", "tintindex": 0 },
				"south": {"uv": [3, 2, 7, 3], "texture": "#texture", "tintindex": 0 },
				"west": {"uv": [3, 2, 4, 3], "texture": "#texture", "tintindex": 0 },
				"up": {"uv": [3, 2, 7, 3], "texture": "#texture", "tintindex": 0 },
				"down": {"uv": [3, 3, 7, 2], "texture": "#texture", "tintindex": 0 }
			}
		},
		{
			"from": [10, 0, 2],
			"to": [14, 0.4, 3],
			"faces": {
				"north": {"uv": [13, 2, 14, 3], "texture": "#texture", "tintindex": 0 },
				"east": {"uv": [13, 2, 14, 3], "texture": "#texture", "tintindex": 0 },
				"south": {"uv": [10, 2, 14, 3], "texture": "#texture", "tintindex": 0 },
				"west": {"uv": [10, 2, 11, 3], "texture": "#texture", "tintindex": 0 },
				"up": {"uv": [10, 2, 14, 3], "texture": "#texture", "tintindex": 0 },
				"down": {"uv": [10, 3, 14, 2], "texture": "#texture", "tintindex": 0 }
			}
		},
		{
			"from": [4, 0, 1],
			"to": [7, 0.4, 2],
			"faces": {
				"north": {"uv": [4, 1, 7, 2], "texture": "#texture", "tintindex": 0 },
				"east": {"uv": [6, 1, 7, 2], "texture": "#texture", "tintindex": 0 },
				"south": {"uv": [4, 1, 7, 2], "texture": "#texture", "tintindex": 0 },
				"west": {"uv": [4, 1, 5, 2], "texture": "#texture", "tintindex": 0 },
				"up": {"uv": [4, 1, 7, 2], "texture": "#texture", "tintindex": 0 },
				"down": {"uv": [4, 1, 7, 2], "texture": "#texture", "tintindex": 0 }
			}
		},
		{
			"from": [10, 0, 1],
			"to": [13, 0.4, 2],
			"faces": {
				"north": {"uv": [10, 1, 13, 2], "texture": "#texture", "tintindex": 0 },
				"east": {"uv": [12, 1, 13, 2], "texture": "#texture", "tintindex": 0 },
				"south": {"uv": [10, 1, 13, 2], "texture": "#texture", "tintindex": 0 },
				"west": {"uv": [10, 1, 11, 2], "texture": "#texture", "tintindex": 0 },
				"up": {"uv": [10, 1, 13, 2], "texture": "#texture", "tintindex": 0 },
				"down": {"uv": [10, 1, 13, 2], "texture": "#texture", "tintindex": 0 }
			}
		},
		{
			"from": [6, 0, 14],
			"to": [8, 0.4, 15],
			"faces": {
				"north": {"uv": [6, 14, 8, 15], "texture": "#texture", "tintindex": 0 },
				"east": {"uv": [6, 14, 8, 15], "texture": "#texture", "tintindex": 0 },
				"south": {"uv": [6, 14, 8, 15], "texture": "#texture", "tintindex": 0 },
				"west": {"uv": [6, 14, 8, 15], "texture": "#texture", "tintindex": 0 },
				"up": {"uv": [6, 14, 8, 15], "texture": "#texture", "tintindex": 0 },
				"down": {"uv": [6, 14, 8, 15], "texture": "#texture", "tintindex": 0 }
			}
		},
		{
			"from": [9, 0, 14],
			"to": [11, 0.4, 15],
			"faces": {
				"north": {"uv": [9, 14, 11, 15], "texture": "#texture", "tintindex": 0 },
				"east": {"uv": [9, 14, 11, 15], "texture": "#texture", "tintindex": 0 },
				"south": {"uv": [9, 14, 11, 15], "texture": "#texture", "tintindex": 0 },
				"west": {"uv": [9, 14, 11, 15], "texture": "#texture", "tintindex": 0 },
				"up": {"uv": [9, 14, 11, 15], "texture": "#texture", "tintindex": 0 },
				"down": {"uv": [9, 14, 11, 15], "texture": "#texture", "tintindex": 0 }
			}
		}
	],
	"display": {
		"thirdperson_righthand": {
			"rotation": [50, 0, 0],
			"translation": [0, 3, 2],
			"scale": [0.6, 0.6, 0.6]
		},
		"thirdperson_lefthand": {
			"rotation": [50, 0, 0],
			"translation": [0, 3, 2],
			"scale": [0.6, 0.6, 0.6]
		},
		"firstperson_righthand": {
			"rotation": [50, 0, 0],
			"translation": [5, 3, 2],
			"scale": [0.8, 0.8, 0.8]
		},
		"firstperson_lefthand": {
			"rotation": [50, 0, 0],
			"translation": [6, 3, 2],
			"scale": [0.8, 0.8, 0.8]
		},
		"ground": {
			"translation": [0, 0.75, 0],
			"scale": [0.6, 0.6, 0.6]
		},
		"gui": {
			"rotation": [90, 0, 0]
		},
		"head": {
			"translation": [-0.5, 14.5, 0]
		},
		"fixed": {
			"rotation": [90, 0, 0],
			"translation": [0, 0, 7.75]
		}
	}
}