{
	"credit": "Made with Blockbench",
	"textures": {
		"0": "block/rail",
		"1": "block/rail1",
		"particle": "block/rail"
	},
	"elements": [
		{
			"from": [12, 0, 0],
			"to": [14, 2, 16],
			"faces": {
				"north": {"uv": [2, 9, 4, 16], "texture": "#0"},
				"east": {"uv": [0, 2, 16, 4], "texture": "#1"},
				"south": {"uv": [4, 9, 2, 16], "texture": "#0"},
				"west": {"uv": [0, 2, 16, 4], "texture": "#1"},
				"up": {"uv": [12, 0, 14, 16], "texture": "#0"},
				"down": {"uv": [12, 0, 14, 16], "texture": "#0"}
			}
		},
		{
			"from": [2, 0, 0],
			"to": [4, 2, 16],
			"faces": {
				"north": {"uv": [12, 0, 14, 7], "texture": "#0"},
				"east": {"uv": [0, 2, 16, 4], "texture": "#1"},
				"south": {"uv": [12, 16, 14, 9], "texture": "#0"},
				"west": {"uv": [0, 2, 16, 4], "texture": "#1"},
				"up": {"uv": [2, 0, 4, 16], "texture": "#0"},
				"down": {"uv": [2, 0, 4, 16], "texture": "#0"}
			}
		},
		{
			"from": [1, 0, 1],
			"to": [15, 1, 3],
			"faces": {
				"north": {"uv": [1, 1, 15, 3], "texture": "#0"},
				"east": {"uv": [13, 15, 15, 14], "texture": "#1"},
				"south": {"uv": [1, 1, 15, 3], "texture": "#0"},
				"west": {"uv": [1, 1, 3, 2], "texture": "#1"},
				"up": {"uv": [1, 1, 15, 3], "texture": "#0"},
				"down": {"uv": [1, 1, 15, 3], "texture": "#0"}
			}
		},
		{
			"from": [1, 0, 5],
			"to": [15, 1, 7],
			"faces": {
				"north": {"uv": [1, 5, 15, 7], "texture": "#0"},
				"east": {"uv": [9, 14, 11, 15], "texture": "#1"},
				"south": {"uv": [1, 5, 15, 7], "texture": "#0"},
				"west": {"uv": [5, 1, 7, 2], "texture": "#1"},
				"up": {"uv": [1, 5, 15, 7], "texture": "#0"},
				"down": {"uv": [1, 5, 15, 7], "texture": "#0"}
			}
		},
		{
			"from": [1, 0, 9],
			"to": [15, 1, 11],
			"faces": {
				"north": {"uv": [1, 9, 15, 11], "texture": "#0"},
				"east": {"uv": [5, 14, 7, 15], "texture": "#1"},
				"south": {"uv": [1, 9, 15, 11], "texture": "#0"},
				"west": {"uv": [9, 1, 11, 2], "texture": "#1"},
				"up": {"uv": [1, 9, 15, 11], "texture": "#0"},
				"down": {"uv": [1, 9, 15, 11], "texture": "#0"}
			}
		},
		{
			"from": [1, 0, 13],
			"to": [15, 1, 15],
			"faces": {
				"north": {"uv": [1, 13, 15, 15], "texture": "#0"},
				"east": {"uv": [1, 14, 3, 15], "texture": "#1"},
				"south": {"uv": [1, 13, 15, 15], "texture": "#0"},
				"west": {"uv": [13, 2, 15, 1], "texture": "#1"},
				"up": {"uv": [1, 13, 15, 15], "texture": "#0"},
				"down": {"uv": [1, 13, 15, 15], "texture": "#0"}
			}
		}
	],
	"display": {
		"thirdperson_righthand": {
			"rotation": [85, 5, 0],
			"translation": [0, 2.25, 3.75],
			"scale": [0.5, 0.5, 0.5]
		},
		"thirdperson_lefthand": {
			"rotation": [85, 0, 0],
			"translation": [0, 2.25, 3.75],
			"scale": [0.5, 0.5, 0.5]
		},
		"firstperson_righthand": {
			"rotation": [85, 0, 0],
			"translation": [5, 0, 0],
			"scale": [0.8, 0.8, 0.8]
		},
		"firstperson_lefthand": {
			"rotation": [85, 0, 0],
			"translation": [5, 0, 0],
			"scale": [0.8, 0.8, 0.8]
		},
		"ground": {
			"translation": [0, 0.75, 0],
			"scale": [0.6, 0.6, 0.6]
		},
		"gui": {
			"rotation": [90, 0, 0]
		},
		"head": {
			"translation": [0, 13, 0],
			"scale": [0.8, 0.8, 0.8]
		},
		"fixed": {
			"rotation": [-90, 0, 0],
			"translation": [0, 0, -7]
		}
	}
}