{
	"credit": "Made with Blockbench",
	"textures": {
		"0": "block/redstone_dust_dot",
		"1": "block/redstone_dust_overlay",
		"particle": "block/redstone_dust_dot"
	},
	"elements": [
		{
			"from": [6, 0, 5],
			"to": [7, 0.5, 6],
			"faces": {
				"north": {"uv": [6, 5, 7, 6], "texture": "#0", "tintindex": 0 },
				"east": {"uv": [6, 5, 7, 6], "texture": "#0", "tintindex": 0 },
				"south": {"uv": [6, 5, 7, 6], "texture": "#0", "tintindex": 0 },
				"west": {"uv": [6, 5, 7, 6], "texture": "#0", "tintindex": 0 },
				"up": {"uv": [6, 5, 7, 6], "texture": "#0", "tintindex": 0 },
				"down": {"uv": [6, 5, 7, 6], "texture": "#0", "tintindex": 0 }
			}
		},
		{
			"from": [8, 0, 5],
			"to": [9, 0.5, 6],
			"faces": {
				"north": {"uv": [8, 5, 9, 6], "texture": "#0", "tintindex": 0 },
				"east": {"uv": [8, 5, 9, 6], "texture": "#0", "tintindex": 0 },
				"south": {"uv": [8, 5, 9, 6], "texture": "#0", "tintindex": 0 },
				"west": {"uv": [8, 5, 9, 6], "texture": "#0", "tintindex": 0 },
				"up": {"uv": [8, 5, 9, 6], "texture": "#0", "tintindex": 0 },
				"down": {"uv": [8, 5, 9, 6], "texture": "#0", "tintindex": 0 }
			}
		},
		{
			"from": [9, 0, 5],
			"to": [10, 0.5, 6],
			"faces": {
				"north": {"uv": [9, 5, 10, 6], "texture": "#0", "tintindex": 0 },
				"east": {"uv": [9, 5, 10, 6], "texture": "#0", "tintindex": 0 },
				"south": {"uv": [9, 5, 10, 6], "texture": "#0", "tintindex": 0 },
				"west": {"uv": [9, 5, 10, 6], "texture": "#0", "tintindex": 0 },
				"up": {"uv": [9, 5, 10, 6], "texture": "#0", "tintindex": 0 },
				"down": {"uv": [9, 5, 10, 6], "texture": "#0", "tintindex": 0 }
			}
		},
		{
			"from": [5, 0, 6],
			"to": [6, 0.5, 7],
			"faces": {
				"north": {"uv": [5, 6, 6, 7], "texture": "#0", "tintindex": 0 },
				"east": {"uv": [5, 6, 6, 7], "texture": "#0", "tintindex": 0 },
				"south": {"uv": [5, 6, 6, 7], "texture": "#0", "tintindex": 0 },
				"west": {"uv": [5, 6, 6, 7], "texture": "#0", "tintindex": 0 },
				"up": {"uv": [5, 6, 6, 7], "texture": "#0", "tintindex": 0 },
				"down": {"uv": [5, 6, 6, 7], "texture": "#0", "tintindex": 0 }
			}
		},
		{
			"from": [6, 0, 6],
			"to": [7, 0.5, 7],
			"faces": {
				"north": {"uv": [6, 6, 7, 7], "texture": "#0", "tintindex": 0 },
				"east": {"uv": [6, 6, 7, 7], "texture": "#0", "tintindex": 0 },
				"south": {"uv": [6, 6, 7, 7], "texture": "#0", "tintindex": 0 },
				"west": {"uv": [6, 6, 7, 7], "texture": "#0", "tintindex": 0 },
				"up": {"uv": [6, 6, 7, 7], "texture": "#0", "tintindex": 0 },
				"down": {"uv": [6, 6, 7, 7], "texture": "#0", "tintindex": 0 }
			}
		},
		{
			"from": [7, 0, 6],
			"to": [8, 0.5, 7],
			"faces": {
				"north": {"uv": [7, 6, 8, 7], "texture": "#0", "tintindex": 0 },
				"east": {"uv": [7, 6, 8, 7], "texture": "#0", "tintindex": 0 },
				"south": {"uv": [7, 6, 8, 7], "texture": "#0", "tintindex": 0 },
				"west": {"uv": [7, 6, 8, 7], "texture": "#0", "tintindex": 0 },
				"up": {"uv": [7, 6, 8, 7], "texture": "#0", "tintindex": 0 },
				"down": {"uv": [7, 6, 8, 7], "texture": "#0", "tintindex": 0 }
			}
		},
		{
			"from": [8, 0, 6],
			"to": [9, 0.5, 7],
			"faces": {
				"north": {"uv": [8, 6, 9, 7], "texture": "#0", "tintindex": 0 },
				"east": {"uv": [8, 6, 9, 7], "texture": "#0", "tintindex": 0 },
				"south": {"uv": [8, 6, 9, 7], "texture": "#0", "tintindex": 0 },
				"west": {"uv": [8, 6, 9, 7], "texture": "#0", "tintindex": 0 },
				"up": {"uv": [8, 6, 9, 7], "texture": "#0", "tintindex": 0 },
				"down": {"uv": [8, 6, 9, 7], "texture": "#0", "tintindex": 0 }
			}
		},
		{
			"from": [9, 0, 6],
			"to": [10, 0.5, 7],
			"faces": {
				"north": {"uv": [9, 6, 10, 7], "texture": "#0", "tintindex": 0 },
				"east": {"uv": [9, 6, 10, 7], "texture": "#0", "tintindex": 0 },
				"south": {"uv": [9, 6, 10, 7], "texture": "#0", "tintindex": 0 },
				"west": {"uv": [9, 6, 10, 7], "texture": "#0", "tintindex": 0 },
				"up": {"uv": [9, 6, 10, 7], "texture": "#0", "tintindex": 0 },
				"down": {"uv": [9, 6, 10, 7], "texture": "#0", "tintindex": 0 }
			}
		},
		{
			"from": [10, 0, 6],
			"to": [11, 0.5, 7],
			"faces": {
				"north": {"uv": [10, 6, 11, 7], "texture": "#0", "tintindex": 0 },
				"east": {"uv": [10, 6, 11, 7], "texture": "#0", "tintindex": 0 },
				"south": {"uv": [10, 6, 11, 7], "texture": "#0", "tintindex": 0 },
				"west": {"uv": [10, 6, 11, 7], "texture": "#0", "tintindex": 0 },
				"up": {"uv": [10, 6, 11, 7], "texture": "#0", "tintindex": 0 },
				"down": {"uv": [10, 6, 11, 7], "texture": "#0", "tintindex": 0 }
			}
		},
		{
			"from": [6, 0, 7],
			"to": [7, 0.5, 8],
			"faces": {
				"north": {"uv": [7, 7, 6, 8], "texture": "#0", "tintindex": 0 },
				"east": {"uv": [7, 7, 6, 8], "texture": "#0", "tintindex": 0 },
				"south": {"uv": [7, 7, 6, 8], "texture": "#0", "tintindex": 0 },
				"west": {"uv": [7, 7, 6, 8], "texture": "#0", "tintindex": 0 },
				"up": {"uv": [7, 7, 6, 8], "texture": "#0", "tintindex": 0 },
				"down": {"uv": [7, 7, 6, 8], "texture": "#0", "tintindex": 0 }
			}
		},
		{
			"from": [7, 0, 7],
			"to": [8, 0.5, 8],
			"faces": {
				"north": {"uv": [7, 7, 8, 8], "texture": "#0", "tintindex": 0 },
				"east": {"uv": [7, 7, 8, 8], "texture": "#0", "tintindex": 0 },
				"south": {"uv": [7, 7, 8, 8], "texture": "#0", "tintindex": 0 },
				"west": {"uv": [7, 7, 8, 8], "texture": "#0", "tintindex": 0 },
				"up": {"uv": [7, 7, 8, 8], "texture": "#0", "tintindex": 0 },
				"down": {"uv": [7, 7, 8, 8], "texture": "#0", "tintindex": 0 }
			}
		},
		{
			"from": [9, 0, 7],
			"to": [10, 0.5, 8],
			"faces": {
				"north": {"uv": [10, 7, 9, 8], "texture": "#0", "tintindex": 0 },
				"east": {"uv": [10, 7, 9, 8], "texture": "#0", "tintindex": 0 },
				"south": {"uv": [10, 7, 9, 8], "texture": "#0", "tintindex": 0 },
				"west": {"uv": [10, 7, 9, 8], "texture": "#0", "tintindex": 0 },
				"up": {"uv": [10, 7, 9, 8], "texture": "#0", "tintindex": 0 },
				"down": {"uv": [10, 7, 9, 8], "texture": "#0", "tintindex": 0 }
			}
		},
		{
			"from": [10, 0, 7],
			"to": [11, 0.5, 8],
			"faces": {
				"north": {"uv": [10, 7, 11, 8], "texture": "#0", "tintindex": 0 },
				"east": {"uv": [10, 7, 11, 8], "texture": "#0", "tintindex": 0 },
				"south": {"uv": [10, 7, 11, 8], "texture": "#0", "tintindex": 0 },
				"west": {"uv": [10, 7, 11, 8], "texture": "#0", "tintindex": 0 },
				"up": {"uv": [10, 7, 11, 8], "texture": "#0", "tintindex": 0 },
				"down": {"uv": [10, 7, 11, 8], "texture": "#0", "tintindex": 0 }
			}
		},
		{
			"from": [11, 0, 7],
			"to": [12, 0.5, 8],
			"faces": {
				"north": {"uv": [11, 7, 12, 8], "texture": "#0", "tintindex": 0 },
				"east": {"uv": [11, 7, 12, 8], "texture": "#0", "tintindex": 0 },
				"south": {"uv": [11, 7, 12, 8], "texture": "#0", "tintindex": 0 },
				"west": {"uv": [11, 7, 12, 8], "texture": "#0", "tintindex": 0 },
				"up": {"uv": [11, 7, 12, 8], "texture": "#0", "tintindex": 0 },
				"down": {"uv": [11, 7, 12, 8], "texture": "#0", "tintindex": 0 }
			}
		},
		{
			"from": [5, 0, 8],
			"to": [6, 0.5, 9],
			"faces": {
				"north": {"uv": [5, 8, 6, 9], "texture": "#0", "tintindex": 0 },
				"east": {"uv": [5, 8, 6, 9], "texture": "#0", "tintindex": 0 },
				"south": {"uv": [5, 8, 6, 9], "texture": "#0", "tintindex": 0 },
				"west": {"uv": [5, 8, 6, 9], "texture": "#0", "tintindex": 0 },
				"up": {"uv": [5, 8, 6, 9], "texture": "#0", "tintindex": 0 },
				"down": {"uv": [5, 8, 6, 9], "texture": "#0", "tintindex": 0 }
			}
		},
		{
			"from": [6, 0, 8],
			"to": [7, 0.5, 9],
			"faces": {
				"north": {"uv": [6, 8, 7, 9], "texture": "#0", "tintindex": 0 },
				"east": {"uv": [6, 8, 7, 9], "texture": "#0", "tintindex": 0 },
				"south": {"uv": [6, 8, 7, 9], "texture": "#0", "tintindex": 0 },
				"west": {"uv": [6, 8, 7, 9], "texture": "#0", "tintindex": 0 },
				"up": {"uv": [6, 8, 7, 9], "texture": "#0", "tintindex": 0 },
				"down": {"uv": [6, 8, 7, 9], "texture": "#0", "tintindex": 0 }
			}
		},
		{
			"from": [7, 0, 8],
			"to": [8, 0.5, 9],
			"faces": {
				"north": {"uv": [7, 8, 8, 9], "texture": "#0", "tintindex": 0 },
				"east": {"uv": [7, 8, 8, 9], "texture": "#0", "tintindex": 0 },
				"south": {"uv": [7, 8, 8, 9], "texture": "#0", "tintindex": 0 },
				"west": {"uv": [7, 8, 8, 9], "texture": "#0", "tintindex": 0 },
				"up": {"uv": [7, 8, 8, 9], "texture": "#0", "tintindex": 0 },
				"down": {"uv": [7, 8, 8, 9], "texture": "#0", "tintindex": 0 }
			}
		},
		{
			"from": [8, 0, 8],
			"to": [9, 0.5, 9],
			"faces": {
				"north": {"uv": [8, 8, 9, 9], "texture": "#0", "tintindex": 0 },
				"east": {"uv": [8, 8, 9, 9], "texture": "#0", "tintindex": 0 },
				"south": {"uv": [8, 8, 9, 9], "texture": "#0", "tintindex": 0 },
				"west": {"uv": [8, 8, 9, 9], "texture": "#0", "tintindex": 0 },
				"up": {"uv": [8, 8, 9, 9], "texture": "#0", "tintindex": 0 },
				"down": {"uv": [8, 8, 9, 9], "texture": "#0", "tintindex": 0 }
			}
		},
		{
			"from": [9, 0, 8],
			"to": [10, 0.5, 9],
			"faces": {
				"north": {"uv": [9, 8, 10, 9], "texture": "#0", "tintindex": 0 },
				"east": {"uv": [9, 8, 10, 9], "texture": "#0", "tintindex": 0 },
				"south": {"uv": [9, 8, 10, 9], "texture": "#0", "tintindex": 0 },
				"west": {"uv": [9, 8, 10, 9], "texture": "#0", "tintindex": 0 },
				"up": {"uv": [9, 8, 10, 9], "texture": "#0", "tintindex": 0 },
				"down": {"uv": [9, 8, 10, 9], "texture": "#0", "tintindex": 0 }
			}
		},
		{
			"from": [10, 0, 8],
			"to": [11, 0.5, 9],
			"faces": {
				"north": {"uv": [10, 8, 11, 9], "texture": "#0", "tintindex": 0 },
				"east": {"uv": [10, 8, 11, 9], "texture": "#0", "tintindex": 0 },
				"south": {"uv": [10, 8, 11, 9], "texture": "#0", "tintindex": 0 },
				"west": {"uv": [10, 8, 11, 9], "texture": "#0", "tintindex": 0 },
				"up": {"uv": [10, 8, 11, 9], "texture": "#0", "tintindex": 0 },
				"down": {"uv": [10, 8, 11, 9], "texture": "#0", "tintindex": 0 }
			}
		},
		{
			"from": [5, 0, 9],
			"to": [6, 0.5, 10],
			"faces": {
				"north": {"uv": [5, 9, 6, 10], "texture": "#0", "tintindex": 0 },
				"east": {"uv": [5, 9, 6, 10], "texture": "#0", "tintindex": 0 },
				"south": {"uv": [5, 9, 6, 10], "texture": "#0", "tintindex": 0 },
				"west": {"uv": [5, 9, 6, 10], "texture": "#0", "tintindex": 0 },
				"up": {"uv": [5, 9, 6, 10], "texture": "#0", "tintindex": 0 },
				"down": {"uv": [5, 9, 6, 10], "texture": "#0", "tintindex": 0 }
			}
		},
		{
			"from": [6, 0, 9],
			"to": [7, 0.5, 10],
			"faces": {
				"north": {"uv": [6, 9, 7, 10], "texture": "#0", "tintindex": 0 },
				"east": {"uv": [6, 9, 7, 10], "texture": "#0", "tintindex": 0 },
				"south": {"uv": [6, 9, 7, 10], "texture": "#0", "tintindex": 0 },
				"west": {"uv": [6, 9, 7, 10], "texture": "#0", "tintindex": 0 },
				"up": {"uv": [6, 9, 7, 10], "texture": "#0", "tintindex": 0 },
				"down": {"uv": [6, 9, 7, 10], "texture": "#0", "tintindex": 0 }
			}
		},
		{
			"from": [7, 0, 9],
			"to": [8, 0.5, 10],
			"faces": {
				"north": {"uv": [7, 9, 8, 10], "texture": "#0", "tintindex": 0 },
				"east": {"uv": [7, 9, 8, 10], "texture": "#0", "tintindex": 0 },
				"south": {"uv": [7, 9, 8, 10], "texture": "#0", "tintindex": 0 },
				"west": {"uv": [7, 9, 8, 10], "texture": "#0", "tintindex": 0 },
				"up": {"uv": [7, 9, 8, 10], "texture": "#0", "tintindex": 0 },
				"down": {"uv": [7, 9, 8, 10], "texture": "#0", "tintindex": 0 }
			}
		},
		{
			"from": [9, 0, 9],
			"to": [10, 0.5, 10],
			"faces": {
				"north": {"uv": [9, 9, 10, 10], "texture": "#0", "tintindex": 0 },
				"east": {"uv": [9, 9, 10, 10], "texture": "#0", "tintindex": 0 },
				"south": {"uv": [9, 9, 10, 10], "texture": "#0", "tintindex": 0 },
				"west": {"uv": [9, 9, 10, 10], "texture": "#0", "tintindex": 0 },
				"up": {"uv": [9, 9, 10, 10], "texture": "#0", "tintindex": 0 },
				"down": {"uv": [9, 9, 10, 10], "texture": "#0", "tintindex": 0 }
			}
		},
		{
			"from": [10, 0, 9],
			"to": [11, 0.5, 10],
			"faces": {
				"north": {"uv": [10, 9, 11, 10], "texture": "#0", "tintindex": 0 },
				"east": {"uv": [10, 9, 11, 10], "texture": "#0", "tintindex": 0 },
				"south": {"uv": [10, 9, 11, 10], "texture": "#0", "tintindex": 0 },
				"west": {"uv": [10, 9, 11, 10], "texture": "#0", "tintindex": 0 },
				"up": {"uv": [10, 9, 11, 10], "texture": "#0", "tintindex": 0 },
				"down": {"uv": [10, 9, 11, 10], "texture": "#0", "tintindex": 0 }
			}
		},
		{
			"from": [7, 0, 10],
			"to": [8, 0.5, 11],
			"faces": {
				"north": {"uv": [7, 10, 8, 11], "texture": "#0", "tintindex": 0 },
				"east": {"uv": [7, 10, 8, 11], "texture": "#0", "tintindex": 0 },
				"south": {"uv": [7, 10, 8, 11], "texture": "#0", "tintindex": 0 },
				"west": {"uv": [7, 10, 8, 11], "texture": "#0", "tintindex": 0 },
				"up": {"uv": [7, 10, 8, 11], "texture": "#0", "tintindex": 0 },
				"down": {"uv": [7, 10, 8, 11], "texture": "#0", "tintindex": 0 }
			}
		},
		{
			"from": [10, 0, 10],
			"to": [11, 0.5, 11],
			"faces": {
				"north": {"uv": [10, 10, 11, 11], "texture": "#0", "tintindex": 0 },
				"east": {"uv": [10, 10, 11, 11], "texture": "#0", "tintindex": 0 },
				"south": {"uv": [10, 10, 11, 11], "texture": "#0", "tintindex": 0 },
				"west": {"uv": [10, 10, 11, 11], "texture": "#0", "tintindex": 0 },
				"up": {"uv": [10, 10, 11, 11], "texture": "#0", "tintindex": 0 },
				"down": {"uv": [10, 10, 11, 11], "texture": "#0", "tintindex": 0 }
			}
		},
		{
			"from": [9, 0, 11],
			"to": [10, 0.5, 12],
			"faces": {
				"north": {"uv": [9, 11, 10, 12], "texture": "#0", "tintindex": 0 },
				"east": {"uv": [9, 11, 10, 12], "texture": "#0", "tintindex": 0 },
				"south": {"uv": [9, 11, 10, 12], "texture": "#0", "tintindex": 0 },
				"west": {"uv": [9, 11, 10, 12], "texture": "#0", "tintindex": 0 },
				"up": {"uv": [9, 11, 10, 12], "texture": "#0", "tintindex": 0 },
				"down": {"uv": [9, 11, 10, 12], "texture": "#0", "tintindex": 0 }
			}
		},
		{
			"from": [8, 0, 10],
			"to": [9, 0.5, 11],
			"faces": {
				"north": {"uv": [8, 10, 9, 11], "texture": "#0", "tintindex": 0 },
				"east": {"uv": [8, 10, 9, 11], "texture": "#0", "tintindex": 0 },
				"south": {"uv": [8, 10, 9, 11], "texture": "#0", "tintindex": 0 },
				"west": {"uv": [8, 10, 9, 11], "texture": "#0", "tintindex": 0 },
				"up": {"uv": [8, 10, 9, 11], "texture": "#0", "tintindex": 0 },
				"down": {"uv": [8, 10, 9, 11], "texture": "#0", "tintindex": 0 }
			}
		},
		{
			"from": [1, 0, 0],
			"to": [16, 0.5, 16],
			"faces": {
				"north": {"uv": [0, 0, 16, 16], "texture": "#1"},
				"east": {"uv": [0, 0, 16, 16], "texture": "#1"},
				"south": {"uv": [0, 0, 16, 16], "texture": "#1"},
				"west": {"uv": [0, 0, 16, 16], "texture": "#1"},
				"up": {"uv": [0, 0, 16, 16], "texture": "#1"},
				"down": {"uv": [0, 0, 16, 16], "texture": "#1"}
			}
		}
	],
	"groups": [
		{
			"name": "group",
			"origin": [0, 0, 0],
			"color": 0,
			"children": [0, 1, 2, 3, 4, 5, 6, 7, 8, 9, 10, 11, 12, 13, 14, 15, 16, 17, 18, 19, 20, 21, 22, 23, 24, 25, 26, 27, 28]
		},
		29
	]
}