{
	"credit": "Made with Blockbench",
	"textures": {
		"0": "block/sugar_cane",
		"particle": "block/sugar_cane"
	},
	"elements": [
		{
			"from": [1, 0, 1],
			"to": [3, 16, 3],
			"rotation": {"angle": 0, "axis": "y", "origin": [1, 0, 1]},
			"faces": {
				"north": {"uv": [13, 0, 15, 16], "texture": "#0"},
				"east": {"uv": [13, 0, 15, 16], "texture": "#0"},
				"south": {"uv": [13, 0, 15, 16], "texture": "#0"},
				"west": {"uv": [13, 0, 15, 16], "texture": "#0"},
				"up": {"uv": [13, 10, 15, 12], "texture": "#0"},
				"down": {"uv": [13, 2, 15, 4], "texture": "#0"}
			}
		},
		{
			"from": [12, 0, 1],
			"to": [14, 16, 3],
			"rotation": {"angle": 0, "axis": "y", "origin": [12, 0, 1]},
			"faces": {
				"north": {"uv": [13, 0, 15, 16], "texture": "#0"},
				"east": {"uv": [13, 0, 15, 16], "texture": "#0"},
				"south": {"uv": [13, 0, 15, 16], "texture": "#0"},
				"west": {"uv": [13, 0, 15, 16], "texture": "#0"},
				"up": {"uv": [13, 2, 15, 4], "texture": "#0"},
				"down": {"uv": [13, 2, 15, 4], "texture": "#0"}
			}
		},
		{
			"from": [5, 0, 4],
			"to": [7, 16, 6],
			"rotation": {"angle": 0, "axis": "y", "origin": [5, 0, 4]},
			"faces": {
				"north": {"uv": [5, 0, 7, 16], "texture": "#0"},
				"east": {"uv": [5, 0, 7, 16], "texture": "#0"},
				"south": {"uv": [5, 0, 7, 16], "texture": "#0"},
				"west": {"uv": [5, 0, 7, 16], "texture": "#0"},
				"up": {"uv": [5, 5, 7, 7], "texture": "#0"},
				"down": {"uv": [5, 11, 7, 13], "texture": "#0"}
			}
		},
		{
			"from": [9, 0, 5],
			"to": [11, 16, 7],
			"rotation": {"angle": 0, "axis": "y", "origin": [9, 0, 5]},
			"faces": {
				"north": {"uv": [5, 0, 7, 16], "texture": "#0"},
				"east": {"uv": [5, 0, 7, 16], "texture": "#0"},
				"south": {"uv": [5, 0, 7, 16], "texture": "#0"},
				"west": {"uv": [5, 0, 7, 16], "texture": "#0"},
				"up": {"uv": [5, 5, 7, 7], "texture": "#0"},
				"down": {"uv": [5, 5, 7, 7], "texture": "#0"}
			}
		},
		{
			"from": [10, 0, 9],
			"to": [12, 16, 11],
			"rotation": {"angle": 0, "axis": "y", "origin": [10, 0, 9]},
			"faces": {
				"north": {"uv": [9, 0, 11, 16], "texture": "#0"},
				"east": {"uv": [9, 0, 11, 16], "texture": "#0"},
				"south": {"uv": [9, 0, 11, 16], "texture": "#0"},
				"west": {"uv": [9, 0, 11, 16], "texture": "#0"},
				"up": {"uv": [9, 6, 11, 8], "texture": "#0"},
				"down": {"uv": [9, 14, 11, 16], "texture": "#0"}
			}
		},
		{
			"from": [5, 0, 9],
			"to": [7, 16, 11],
			"rotation": {"angle": 0, "axis": "y", "origin": [5, 0, 9]},
			"faces": {
				"north": {"uv": [5, 0, 7, 16], "texture": "#0"},
				"east": {"uv": [5, 0, 7, 16], "texture": "#0"},
				"south": {"uv": [5, 0, 7, 16], "texture": "#0"},
				"west": {"uv": [5, 0, 7, 16], "texture": "#0"},
				"up": {"uv": [5, 11, 7, 13], "texture": "#0"},
				"down": {"uv": [5, 5, 7, 7], "texture": "#0"}
			}
		},
		{
			"from": [2, 0, 13],
			"to": [4, 16, 15],
			"rotation": {"angle": 0, "axis": "y", "origin": [2, 0, 13]},
			"faces": {
				"north": {"uv": [1, 0, 3, 16], "texture": "#0"},
				"east": {"uv": [1, 0, 3, 16], "texture": "#0"},
				"south": {"uv": [1, 0, 3, 16], "texture": "#0"},
				"west": {"uv": [1, 0, 3, 16], "texture": "#0"},
				"up": {"uv": [1, 1, 3, 3], "texture": "#0"},
				"down": {"uv": [1, 1, 3, 3], "texture": "#0"}
			}
		},
		{
			"from": [13, 0, 13],
			"to": [15, 16, 15],
			"rotation": {"angle": 0, "axis": "y", "origin": [13, 0, 13]},
			"faces": {
				"north": {"uv": [1, 0, 3, 16], "texture": "#0"},
				"east": {"uv": [1, 0, 3, 16], "texture": "#0"},
				"south": {"uv": [1, 0, 3, 16], "texture": "#0"},
				"west": {"uv": [1, 0, 3, 16], "texture": "#0"},
				"up": {"uv": [1, 1, 3, 3], "texture": "#0"},
				"down": {"uv": [1, 9, 3, 11], "texture": "#0"}
			}
		},
		{
			"from": [2, 6, 15],
			"to": [3, 8, 16],
			"rotation": {"angle": 0, "axis": "y", "origin": [2, 6, 15]},
			"faces": {
				"east": {"uv": [0, 8, 1, 10], "texture": "#0"},
				"south": {"uv": [0, 8, 1, 10], "texture": "#0"},
				"west": {"uv": [0, 8, 1, 10], "texture": "#0"},
				"up": {"uv": [0, 8, 1, 9], "texture": "#0"},
				"down": {"uv": [0, 9, 1, 10], "texture": "#0"}
			}
		},
		{
			"from": [3, 12, 12],
			"to": [4, 14, 13],
			"rotation": {"angle": 0, "axis": "y", "origin": [3, 12, 12]},
			"faces": {
				"north": {"uv": [3, 2, 4, 4], "texture": "#0"},
				"east": {"uv": [3, 2, 4, 4], "texture": "#0"},
				"west": {"uv": [3, 2, 4, 4], "texture": "#0"},
				"up": {"uv": [3, 2, 4, 3], "texture": "#0"},
				"down": {"uv": [3, 3, 4, 4], "texture": "#0"}
			}
		},
		{
			"from": [7, 11, 9],
			"to": [8, 13, 10],
			"rotation": {"angle": 0, "axis": "y", "origin": [7, 11, 9]},
			"faces": {
				"north": {"uv": [7, 3, 8, 5], "texture": "#0"},
				"east": {"uv": [7, 3, 8, 5], "texture": "#0"},
				"south": {"uv": [7, 3, 8, 5], "texture": "#0"},
				"up": {"uv": [7, 3, 8, 5], "texture": "#0"},
				"down": {"uv": [7, 3, 8, 5], "texture": "#0"}
			}
		},
		{
			"from": [4, 5, 10],
			"to": [5, 6, 11],
			"rotation": {"angle": 0, "axis": "y", "origin": [4, 5, 10]},
			"faces": {
				"north": {"uv": [11, 2, 12, 3], "texture": "#0"},
				"south": {"uv": [11, 2, 12, 3], "texture": "#0"},
				"west": {"uv": [11, 2, 12, 3], "texture": "#0"},
				"up": {"uv": [11, 2, 12, 3], "texture": "#0"},
				"down": {"uv": [11, 2, 12, 3], "texture": "#0"}
			}
		},
		{
			"from": [11, 11, 8],
			"to": [12, 13, 9],
			"rotation": {"angle": 0, "axis": "y", "origin": [11, 11, 8]},
			"faces": {
				"north": {"uv": [15, 6, 16, 8], "texture": "#0"},
				"east": {"uv": [15, 6, 16, 8], "texture": "#0"},
				"west": {"uv": [15, 6, 16, 8], "texture": "#0"},
				"up": {"uv": [15, 6, 16, 8], "texture": "#0"},
				"down": {"uv": [15, 6, 16, 8], "texture": "#0"}
			}
		},
		{
			"from": [11, 5, 11],
			"to": [12, 6, 12],
			"rotation": {"angle": 0, "axis": "y", "origin": [11, 5, 11]},
			"faces": {
				"east": {"uv": [4, 10, 5, 11], "texture": "#0"},
				"south": {"uv": [4, 10, 5, 11], "texture": "#0"},
				"west": {"uv": [4, 10, 5, 11], "texture": "#0"},
				"up": {"uv": [4, 10, 5, 11], "texture": "#0"},
				"down": {"uv": [4, 10, 5, 11], "texture": "#0"}
			}
		},
		{
			"from": [12, 2, 14],
			"to": [13, 3, 15],
			"rotation": {"angle": 0, "axis": "y", "origin": [12, 2, 14]},
			"faces": {
				"north": {"uv": [11, 2, 12, 3], "texture": "#0"},
				"south": {"uv": [11, 2, 12, 3], "texture": "#0"},
				"west": {"uv": [11, 2, 12, 3], "texture": "#0"},
				"up": {"uv": [11, 2, 12, 3], "texture": "#0"},
				"down": {"uv": [11, 2, 12, 3], "texture": "#0"}
			}
		},
		{
			"from": [15, 8, 13],
			"to": [16, 10, 14],
			"rotation": {"angle": 0, "axis": "y", "origin": [15, 8, 13]},
			"faces": {
				"north": {"uv": [7, 3, 8, 5], "texture": "#0"},
				"east": {"uv": [7, 3, 8, 5], "texture": "#0"},
				"south": {"uv": [7, 3, 8, 5], "texture": "#0"},
				"up": {"uv": [7, 3, 8, 5], "texture": "#0"},
				"down": {"uv": [7, 3, 8, 5], "texture": "#0"}
			}
		},
		{
			"from": [6, 13, 3],
			"to": [7, 14, 4],
			"rotation": {"angle": 0, "axis": "y", "origin": [6, 13, 3]},
			"faces": {
				"north": {"uv": [11, 2, 12, 3], "texture": "#0"},
				"east": {"uv": [11, 2, 12, 3], "texture": "#0"},
				"west": {"uv": [11, 2, 12, 3], "texture": "#0"},
				"up": {"uv": [11, 2, 12, 3], "texture": "#0"},
				"down": {"uv": [11, 2, 12, 3], "texture": "#0"}
			}
		},
		{
			"from": [5, 4, 6],
			"to": [6, 6, 7],
			"rotation": {"angle": 0, "axis": "y", "origin": [5, 4, 6]},
			"faces": {
				"east": {"uv": [3, 2, 4, 4], "texture": "#0"},
				"south": {"uv": [3, 2, 4, 4], "texture": "#0"},
				"west": {"uv": [3, 2, 4, 4], "texture": "#0"},
				"up": {"uv": [3, 2, 4, 4], "texture": "#0"},
				"down": {"uv": [3, 2, 4, 4], "texture": "#0"}
			}
		},
		{
			"from": [8, 4, 5],
			"to": [9, 6, 6],
			"rotation": {"angle": 0, "axis": "y", "origin": [8, 4, 5]},
			"faces": {
				"north": {"uv": [8, 10, 9, 12], "texture": "#0"},
				"south": {"uv": [8, 10, 9, 12], "texture": "#0"},
				"west": {"uv": [8, 10, 9, 12], "texture": "#0"},
				"up": {"uv": [8, 10, 9, 11], "texture": "#0"},
				"down": {"uv": [8, 11, 9, 12], "texture": "#0"}
			}
		},
		{
			"from": [11, 13, 6],
			"to": [12, 14, 7],
			"rotation": {"angle": 0, "axis": "y", "origin": [11, 13, 6]},
			"faces": {
				"north": {"uv": [11, 2, 12, 3], "texture": "#0"},
				"east": {"uv": [11, 2, 12, 3], "texture": "#0"},
				"south": {"uv": [11, 2, 12, 3], "texture": "#0"},
				"up": {"uv": [11, 2, 12, 3], "texture": "#0"},
				"down": {"uv": [11, 2, 12, 3], "texture": "#0"}
			}
		},
		{
			"from": [3, 12, 1],
			"to": [4, 14, 2],
			"rotation": {"angle": 0, "axis": "y", "origin": [3, 13, 1]},
			"faces": {
				"north": {"uv": [0, 8, 1, 10], "texture": "#0"},
				"east": {"uv": [0, 8, 1, 10], "texture": "#0"},
				"south": {"uv": [0, 8, 1, 10], "texture": "#0"},
				"up": {"uv": [0, 8, 1, 10], "texture": "#0"},
				"down": {"uv": [0, 8, 1, 10], "texture": "#0"}
			}
		},
		{
			"from": [0, 6, 1],
			"to": [1, 8, 2],
			"rotation": {"angle": 0, "axis": "y", "origin": [0, 7, 1]},
			"faces": {
				"north": {"uv": [3, 2, 4, 4], "texture": "#0"},
				"south": {"uv": [3, 2, 4, 4], "texture": "#0"},
				"west": {"uv": [3, 2, 4, 4], "texture": "#0"},
				"up": {"uv": [3, 2, 4, 4], "texture": "#0"},
				"down": {"uv": [3, 2, 4, 4], "texture": "#0"}
			}
		},
		{
			"from": [12, 8, 0],
			"to": [13, 10, 1],
			"rotation": {"angle": 0, "axis": "y", "origin": [12, 8, 0]},
			"faces": {
				"north": {"uv": [3, 2, 4, 4], "texture": "#0"},
				"east": {"uv": [3, 2, 4, 4], "texture": "#0"},
				"west": {"uv": [3, 2, 4, 4], "texture": "#0"},
				"up": {"uv": [3, 2, 4, 4], "texture": "#0"},
				"down": {"uv": [3, 2, 4, 4], "texture": "#0"}
			}
		},
		{
			"from": [13, 2, 3],
			"to": [14, 3, 4],
			"rotation": {"angle": 0, "axis": "y", "origin": [13, 2, 3]},
			"faces": {
				"east": {"uv": [11, 2, 12, 3], "texture": "#0"},
				"south": {"uv": [11, 2, 12, 3], "texture": "#0"},
				"west": {"uv": [11, 2, 12, 3], "texture": "#0"},
				"up": {"uv": [11, 2, 12, 3], "texture": "#0"},
				"down": {"uv": [11, 2, 12, 3], "texture": "#0"}
			}
		}
	],
	"display": {
		"head": {
			"translation": [0, 5, 0],
			"scale": [0.8, 0.8, 0.8]
		}
	}
}