{
	"credit": "Made with Blockbench",
	"textures": {
		"0": "block/activator_rail",
		"particle": "block/activator_rail"
	},
	"elements": [
		{
			"from": [1, 0, 1],
			"to": [2, 1, 3],
			"faces": {
				"north": {"uv": [1, 1, 2, 3], "texture": "#0"},
				"east": {"uv": [1, 1, 2, 3], "texture": "#0"},
				"south": {"uv": [1, 1, 2, 3], "texture": "#0"},
				"west": {"uv": [1, 1, 2, 3], "texture": "#0"},
				"up": {"uv": [1, 1, 2, 3], "texture": "#0"},
				"down": {"uv": [1, 1, 2, 3], "texture": "#0"}
			}
		},
		{
			"from": [4, 0, 1],
			"to": [6, 1.2, 3],
			"faces": {
				"north": {"uv": [4, 1, 6, 3], "texture": "#0"},
				"east": {"uv": [4, 1, 6, 3], "texture": "#0"},
				"south": {"uv": [4, 1, 6, 3], "texture": "#0"},
				"west": {"uv": [4, 1, 6, 3], "texture": "#0"},
				"up": {"uv": [4, 1, 6, 3], "texture": "#0"},
				"down": {"uv": [4, 1, 6, 3], "texture": "#0"}
			}
		},
		{
			"from": [10, 0, 1],
			"to": [12, 1.2, 3],
			"faces": {
				"north": {"uv": [10, 1, 12, 3], "texture": "#0"},
				"east": {"uv": [10, 1, 12, 3], "texture": "#0"},
				"south": {"uv": [10, 1, 12, 3], "texture": "#0"},
				"west": {"uv": [10, 1, 12, 3], "texture": "#0"},
				"up": {"uv": [10, 1, 12, 3], "texture": "#0"},
				"down": {"uv": [10, 1, 12, 3], "texture": "#0"}
			}
		},
		{
			"from": [7, 0, 3],
			"to": [9, 1.2, 5],
			"faces": {
				"north": {"uv": [7, 3, 9, 5], "texture": "#0"},
				"east": {"uv": [7, 3, 9, 5], "texture": "#0"},
				"south": {"uv": [7, 3, 9, 5], "texture": "#0"},
				"west": {"uv": [7, 3, 9, 5], "texture": "#0"},
				"up": {"uv": [7, 3, 9, 5], "texture": "#0"},
				"down": {"uv": [7, 3, 9, 5], "texture": "#0"}
			}
		},
		{
			"from": [7, 0, 7],
			"to": [9, 1.2, 9],
			"faces": {
				"north": {"uv": [7, 7, 9, 9], "texture": "#0"},
				"east": {"uv": [7, 7, 9, 9], "texture": "#0"},
				"south": {"uv": [7, 7, 9, 9], "texture": "#0"},
				"west": {"uv": [7, 7, 9, 9], "texture": "#0"},
				"up": {"uv": [7, 7, 9, 9], "texture": "#0"},
				"down": {"uv": [7, 7, 9, 9], "texture": "#0"}
			}
		},
		{
			"from": [7, 0, 11],
			"to": [9, 1.2, 13],
			"faces": {
				"north": {"uv": [7, 11, 9, 13], "texture": "#0"},
				"east": {"uv": [7, 11, 9, 13], "texture": "#0"},
				"south": {"uv": [7, 11, 9, 13], "texture": "#0"},
				"west": {"uv": [7, 11, 9, 13], "texture": "#0"},
				"up": {"uv": [7, 11, 9, 13], "texture": "#0"},
				"down": {"uv": [7, 11, 9, 13], "texture": "#0"}
			}
		},
		{
			"from": [10, 0, 9],
			"to": [12, 1.2, 11],
			"faces": {
				"north": {"uv": [10, 9, 12, 11], "texture": "#0"},
				"east": {"uv": [10, 9, 12, 11], "texture": "#0"},
				"south": {"uv": [10, 9, 12, 11], "texture": "#0"},
				"west": {"uv": [10, 9, 12, 11], "texture": "#0"},
				"up": {"uv": [10, 9, 12, 11], "texture": "#0"},
				"down": {"uv": [10, 9, 12, 11], "texture": "#0"}
			}
		},
		{
			"from": [4, 0, 9],
			"to": [6, 1.2, 11],
			"faces": {
				"north": {"uv": [4, 9, 6, 11], "texture": "#0"},
				"east": {"uv": [4, 9, 6, 11], "texture": "#0"},
				"south": {"uv": [4, 9, 6, 11], "texture": "#0"},
				"west": {"uv": [4, 9, 6, 11], "texture": "#0"},
				"up": {"uv": [4, 9, 6, 11], "texture": "#0"},
				"down": {"uv": [4, 9, 6, 11], "texture": "#0"}
			}
		},
		{
			"from": [4, 0, 5],
			"to": [6, 1.2, 7],
			"faces": {
				"north": {"uv": [4, 5, 6, 7], "texture": "#0"},
				"east": {"uv": [4, 5, 6, 7], "texture": "#0"},
				"south": {"uv": [4, 5, 6, 7], "texture": "#0"},
				"west": {"uv": [4, 5, 6, 7], "texture": "#0"},
				"up": {"uv": [4, 5, 6, 7], "texture": "#0"},
				"down": {"uv": [4, 5, 6, 7], "texture": "#0"}
			}
		},
		{
			"from": [4, 0, 13],
			"to": [6, 1.2, 15],
			"faces": {
				"north": {"uv": [4, 13, 6, 15], "texture": "#0"},
				"east": {"uv": [4, 13, 6, 15], "texture": "#0"},
				"south": {"uv": [4, 13, 6, 15], "texture": "#0"},
				"west": {"uv": [4, 13, 6, 15], "texture": "#0"},
				"up": {"uv": [4, 13, 6, 15], "texture": "#0"},
				"down": {"uv": [4, 13, 6, 15], "texture": "#0"}
			}
		},
		{
			"from": [10, 0, 5],
			"to": [12, 1.2, 7],
			"faces": {
				"north": {"uv": [10, 5, 12, 7], "texture": "#0"},
				"east": {"uv": [10, 5, 12, 7], "texture": "#0"},
				"south": {"uv": [10, 5, 12, 7], "texture": "#0"},
				"west": {"uv": [10, 5, 12, 7], "texture": "#0"},
				"up": {"uv": [10, 5, 12, 7], "texture": "#0"},
				"down": {"uv": [10, 5, 12, 7], "texture": "#0"}
			}
		},
		{
			"from": [10, 0, 13],
			"to": [12, 1.2, 15],
			"faces": {
				"north": {"uv": [10, 13, 12, 15], "texture": "#0"},
				"east": {"uv": [10, 13, 12, 15], "texture": "#0"},
				"south": {"uv": [10, 13, 12, 15], "texture": "#0"},
				"west": {"uv": [10, 13, 12, 15], "texture": "#0"},
				"up": {"uv": [10, 13, 12, 15], "texture": "#0"},
				"down": {"uv": [10, 13, 12, 15], "texture": "#0"}
			}
		},
		{
			"from": [1, 0, 5],
			"to": [2, 1, 7],
			"faces": {
				"north": {"uv": [1, 5, 2, 7], "texture": "#0"},
				"east": {"uv": [1, 5, 2, 7], "texture": "#0"},
				"south": {"uv": [1, 5, 2, 7], "texture": "#0"},
				"west": {"uv": [1, 5, 2, 7], "texture": "#0"},
				"up": {"uv": [1, 5, 2, 7], "texture": "#0"},
				"down": {"uv": [1, 5, 2, 7], "texture": "#0"}
			}
		},
		{
			"from": [1, 0, 9],
			"to": [2, 1, 11],
			"faces": {
				"north": {"uv": [1, 9, 2, 11], "texture": "#0"},
				"east": {"uv": [1, 9, 2, 11], "texture": "#0"},
				"south": {"uv": [1, 9, 2, 11], "texture": "#0"},
				"west": {"uv": [1, 9, 2, 11], "texture": "#0"},
				"up": {"uv": [1, 9, 2, 11], "texture": "#0"},
				"down": {"uv": [1, 9, 2, 11], "texture": "#0"}
			}
		},
		{
			"from": [1, 0, 13],
			"to": [2, 1, 15],
			"faces": {
				"north": {"uv": [1, 13, 2, 15], "texture": "#0"},
				"east": {"uv": [1, 13, 2, 15], "texture": "#0"},
				"south": {"uv": [1, 13, 2, 15], "texture": "#0"},
				"west": {"uv": [1, 13, 2, 15], "texture": "#0"},
				"up": {"uv": [1, 13, 2, 15], "texture": "#0"},
				"down": {"uv": [1, 13, 2, 15], "texture": "#0"}
			}
		},
		{
			"from": [14, 0, 1],
			"to": [15, 1, 3],
			"faces": {
				"north": {"uv": [14, 1, 15, 3], "texture": "#0"},
				"east": {"uv": [14, 1, 15, 3], "texture": "#0"},
				"south": {"uv": [14, 1, 15, 3], "texture": "#0"},
				"west": {"uv": [14, 1, 15, 3], "texture": "#0"},
				"up": {"uv": [14, 1, 15, 3], "texture": "#0"},
				"down": {"uv": [14, 1, 15, 3], "texture": "#0"}
			}
		},
		{
			"from": [14, 0, 5],
			"to": [15, 1, 7],
			"faces": {
				"north": {"uv": [14, 5, 15, 7], "texture": "#0"},
				"east": {"uv": [14, 5, 15, 7], "texture": "#0"},
				"south": {"uv": [14, 5, 15, 7], "texture": "#0"},
				"west": {"uv": [14, 5, 15, 7], "texture": "#0"},
				"up": {"uv": [14, 5, 15, 7], "texture": "#0"},
				"down": {"uv": [14, 5, 15, 7], "texture": "#0"}
			}
		},
		{
			"from": [14, 0, 9],
			"to": [15, 1, 11],
			"faces": {
				"north": {"uv": [14, 9, 15, 11], "texture": "#0"},
				"east": {"uv": [14, 9, 15, 11], "texture": "#0"},
				"south": {"uv": [14, 9, 15, 11], "texture": "#0"},
				"west": {"uv": [14, 9, 15, 11], "texture": "#0"},
				"up": {"uv": [14, 9, 15, 11], "texture": "#0"},
				"down": {"uv": [14, 9, 15, 11], "texture": "#0"}
			}
		},
		{
			"from": [14, 0, 13],
			"to": [15, 1, 15],
			"faces": {
				"north": {"uv": [14, 13, 15, 15], "texture": "#0"},
				"east": {"uv": [14, 13, 15, 15], "texture": "#0"},
				"south": {"uv": [14, 13, 15, 15], "texture": "#0"},
				"west": {"uv": [14, 13, 15, 15], "texture": "#0"},
				"up": {"uv": [14, 13, 15, 15], "texture": "#0"},
				"down": {"uv": [14, 13, 15, 15], "texture": "#0"}
			}
		},
		{
			"from": [2, 0, 1],
			"to": [3, 2, 15],
			"faces": {
				"north": {"uv": [2, 1, 3, 15], "texture": "#0"},
				"east": {"uv": [2, 1, 3, 15], "texture": "#0"},
				"south": {"uv": [2, 1, 3, 15], "texture": "#0"},
				"west": {"uv": [2, 1, 3, 15], "texture": "#0"},
				"up": {"uv": [2, 1, 3, 15], "texture": "#0"},
				"down": {"uv": [2, 1, 3, 15], "texture": "#0"}
			}
		},
		{
			"from": [3, 0, 1],
			"to": [4, 2, 15],
			"faces": {
				"north": {"uv": [3, 1, 4, 15], "texture": "#0"},
				"east": {"uv": [3, 1, 4, 15], "texture": "#0"},
				"south": {"uv": [3, 1, 4, 15], "texture": "#0"},
				"west": {"uv": [3, 1, 4, 15], "texture": "#0"},
				"up": {"uv": [3, 1, 4, 15], "texture": "#0"},
				"down": {"uv": [3, 1, 4, 15], "texture": "#0"}
			}
		},
		{
			"from": [12, 0, 1],
			"to": [13, 2, 15],
			"faces": {
				"north": {"uv": [12, 1, 13, 15], "texture": "#0"},
				"east": {"uv": [12, 1, 13, 15], "texture": "#0"},
				"south": {"uv": [12, 1, 13, 15], "texture": "#0"},
				"west": {"uv": [12, 1, 13, 15], "texture": "#0"},
				"up": {"uv": [12, 1, 13, 15], "texture": "#0"},
				"down": {"uv": [12, 1, 13, 15], "texture": "#0"}
			}
		},
		{
			"from": [13, 0, 1],
			"to": [14, 2, 15],
			"faces": {
				"north": {"uv": [13, 1, 14, 15], "texture": "#0"},
				"east": {"uv": [13, 1, 14, 15], "texture": "#0"},
				"south": {"uv": [13, 1, 14, 15], "texture": "#0"},
				"west": {"uv": [13, 1, 14, 15], "texture": "#0"},
				"up": {"uv": [13, 1, 14, 15], "texture": "#0"},
				"down": {"uv": [13, 1, 14, 15], "texture": "#0"}
			}
		},
		{
			"from": [6, 0, 1],
			"to": [10, 1, 3],
			"faces": {
				"north": {"uv": [6, 1, 10, 3], "texture": "#0"},
				"east": {"uv": [6, 1, 10, 3], "texture": "#0"},
				"south": {"uv": [6, 1, 10, 3], "texture": "#0"},
				"west": {"uv": [6, 1, 10, 3], "texture": "#0"},
				"up": {"uv": [6, 1, 10, 3], "texture": "#0"},
				"down": {"uv": [6, 1, 10, 3], "texture": "#0"}
			}
		},
		{
			"from": [6, 0, 5],
			"to": [10, 1, 7],
			"faces": {
				"north": {"uv": [6, 5, 10, 7], "texture": "#0"},
				"east": {"uv": [6, 5, 10, 7], "texture": "#0"},
				"south": {"uv": [6, 5, 10, 7], "texture": "#0"},
				"west": {"uv": [6, 5, 10, 7], "texture": "#0"},
				"up": {"uv": [6, 5, 10, 7], "texture": "#0"},
				"down": {"uv": [6, 5, 10, 7], "texture": "#0"}
			}
		},
		{
			"from": [6, 0, 9],
			"to": [10, 1, 11],
			"faces": {
				"north": {"uv": [6, 9, 10, 11], "texture": "#0"},
				"east": {"uv": [6, 9, 10, 11], "texture": "#0"},
				"south": {"uv": [6, 9, 10, 11], "texture": "#0"},
				"west": {"uv": [6, 9, 10, 11], "texture": "#0"},
				"up": {"uv": [6, 9, 10, 11], "texture": "#0"},
				"down": {"uv": [6, 9, 10, 11], "texture": "#0"}
			}
		},
		{
			"from": [6, 0, 13],
			"to": [10, 1, 15],
			"faces": {
				"north": {"uv": [6, 13, 10, 15], "texture": "#0"},
				"east": {"uv": [6, 13, 10, 15], "texture": "#0"},
				"south": {"uv": [6, 13, 10, 15], "texture": "#0"},
				"west": {"uv": [6, 13, 10, 15], "texture": "#0"},
				"up": {"uv": [6, 13, 10, 15], "texture": "#0"},
				"down": {"uv": [6, 13, 10, 15], "texture": "#0"}
			}
		},
		{
			"from": [2, 0, 0],
			"to": [3, 2, 1],
			"faces": {
				"north": {"uv": [2, 0, 3, 1], "texture": "#0"},
				"east": {"uv": [2, 0, 3, 1], "texture": "#0"},
				"south": {"uv": [2, 0, 3, 1], "texture": "#0"},
				"west": {"uv": [2, 0, 3, 1], "texture": "#0"},
				"up": {"uv": [2, 0, 3, 1], "texture": "#0"},
				"down": {"uv": [2, 0, 3, 1], "texture": "#0"}
			}
		},
		{
			"from": [3, 0, 0],
			"to": [4, 2, 1],
			"faces": {
				"north": {"uv": [3, 0, 4, 1], "texture": "#0"},
				"east": {"uv": [3, 0, 4, 1], "texture": "#0"},
				"south": {"uv": [3, 0, 4, 1], "texture": "#0"},
				"west": {"uv": [3, 0, 4, 1], "texture": "#0"},
				"up": {"uv": [3, 0, 4, 1], "texture": "#0"},
				"down": {"uv": [3, 0, 4, 1], "texture": "#0"}
			}
		},
		{
			"from": [12, 0, 0],
			"to": [13, 2, 1],
			"faces": {
				"north": {"uv": [12, 0, 13, 1], "texture": "#0"},
				"east": {"uv": [12, 0, 13, 1], "texture": "#0"},
				"south": {"uv": [12, 0, 13, 1], "texture": "#0"},
				"west": {"uv": [12, 0, 13, 1], "texture": "#0"},
				"up": {"uv": [12, 0, 13, 1], "texture": "#0"},
				"down": {"uv": [12, 0, 13, 1], "texture": "#0"}
			}
		},
		{
			"from": [13, 0, 0],
			"to": [14, 2, 1],
			"faces": {
				"north": {"uv": [13, 0, 14, 1], "texture": "#0"},
				"east": {"uv": [13, 0, 14, 1], "texture": "#0"},
				"south": {"uv": [13, 0, 14, 1], "texture": "#0"},
				"west": {"uv": [13, 0, 14, 1], "texture": "#0"},
				"up": {"uv": [13, 0, 14, 1], "texture": "#0"},
				"down": {"uv": [13, 0, 14, 1], "texture": "#0"}
			}
		},
		{
			"from": [2, 0, 15],
			"to": [3, 2, 16],
			"faces": {
				"north": {"uv": [2, 15, 3, 16], "texture": "#0"},
				"east": {"uv": [2, 15, 3, 16], "texture": "#0"},
				"south": {"uv": [2, 15, 3, 16], "texture": "#0"},
				"west": {"uv": [2, 15, 3, 16], "texture": "#0"},
				"up": {"uv": [2, 15, 3, 16], "texture": "#0"},
				"down": {"uv": [2, 15, 3, 16], "texture": "#0"}
			}
		},
		{
			"from": [3, 0, 15],
			"to": [4, 2, 16],
			"faces": {
				"north": {"uv": [3, 15, 4, 16], "texture": "#0"},
				"east": {"uv": [3, 15, 4, 16], "texture": "#0"},
				"south": {"uv": [3, 15, 4, 16], "texture": "#0"},
				"west": {"uv": [3, 15, 4, 16], "texture": "#0"},
				"up": {"uv": [3, 15, 4, 16], "texture": "#0"},
				"down": {"uv": [3, 15, 4, 16], "texture": "#0"}
			}
		},
		{
			"from": [12, 0, 15],
			"to": [13, 2, 16],
			"faces": {
				"north": {"uv": [12, 15, 13, 16], "texture": "#0"},
				"east": {"uv": [12, 15, 13, 16], "texture": "#0"},
				"south": {"uv": [12, 15, 13, 16], "texture": "#0"},
				"west": {"uv": [12, 15, 13, 16], "texture": "#0"},
				"up": {"uv": [12, 15, 13, 16], "texture": "#0"},
				"down": {"uv": [12, 15, 13, 16], "texture": "#0"}
			}
		},
		{
			"from": [13, 0, 15],
			"to": [14, 2, 16],
			"faces": {
				"north": {"uv": [13, 15, 14, 16], "texture": "#0"},
				"east": {"uv": [13, 15, 14, 16], "texture": "#0"},
				"south": {"uv": [13, 15, 14, 16], "texture": "#0"},
				"west": {"uv": [13, 15, 14, 16], "texture": "#0"},
				"up": {"uv": [13, 15, 14, 16], "texture": "#0"},
				"down": {"uv": [13, 15, 14, 16], "texture": "#0"}
			}
		}
	]
}