{
	"credit": "Made with Blockbench",
	"textures": {
		"0": "block/detector_rail",
		"particle": "block/detector_rail"
	},
	"elements": [
		{
			"from": [2, 0, 0],
			"to": [3, 2, 16],
			"faces": {
				"north": {"uv": [2, 0, 3, 16], "texture": "#0"},
				"east": {"uv": [2, 0, 3, 16], "texture": "#0"},
				"south": {"uv": [2, 0, 3, 16], "texture": "#0"},
				"west": {"uv": [2, 0, 3, 16], "texture": "#0"},
				"up": {"uv": [2, 0, 3, 16], "texture": "#0"},
				"down": {"uv": [2, 0, 3, 16], "texture": "#0"}
			}
		},
		{
			"from": [3, 0, 0],
			"to": [4, 2, 16],
			"faces": {
				"north": {"uv": [3, 0, 4, 16], "texture": "#0"},
				"east": {"uv": [3, 0, 4, 16], "texture": "#0"},
				"south": {"uv": [3, 0, 4, 16], "texture": "#0"},
				"west": {"uv": [3, 0, 4, 16], "texture": "#0"},
				"up": {"uv": [3, 0, 4, 16], "texture": "#0"},
				"down": {"uv": [3, 0, 4, 16], "texture": "#0"}
			}
		},
		{
			"from": [12, 0, 0],
			"to": [13, 2, 16],
			"faces": {
				"north": {"uv": [12, 0, 13, 16], "texture": "#0"},
				"east": {"uv": [12, 0, 13, 16], "texture": "#0"},
				"south": {"uv": [12, 0, 13, 16], "texture": "#0"},
				"west": {"uv": [12, 0, 13, 16], "texture": "#0"},
				"up": {"uv": [12, 0, 13, 16], "texture": "#0"},
				"down": {"uv": [12, 0, 13, 16], "texture": "#0"}
			}
		},
		{
			"from": [13, 0, 0],
			"to": [14, 2, 16],
			"faces": {
				"north": {"uv": [13, 0, 14, 16], "texture": "#0"},
				"east": {"uv": [13, 0, 14, 16], "texture": "#0"},
				"south": {"uv": [13, 0, 14, 16], "texture": "#0"},
				"west": {"uv": [13, 0, 14, 16], "texture": "#0"},
				"up": {"uv": [13, 0, 14, 16], "texture": "#0"},
				"down": {"uv": [13, 0, 14, 16], "texture": "#0"}
			}
		},
		{
			"from": [1, 0, 13],
			"to": [2, 1, 15],
			"faces": {
				"north": {"uv": [1, 13, 2, 15], "texture": "#0"},
				"east": {"uv": [1, 13, 2, 15], "texture": "#0"},
				"south": {"uv": [1, 13, 2, 15], "texture": "#0"},
				"west": {"uv": [1, 13, 2, 15], "texture": "#0"},
				"up": {"uv": [1, 13, 2, 15], "texture": "#0"},
				"down": {"uv": [1, 13, 2, 15], "texture": "#0"}
			}
		},
		{
			"from": [1, 0, 9],
			"to": [2, 1, 11],
			"faces": {
				"north": {"uv": [1, 9, 2, 11], "texture": "#0"},
				"east": {"uv": [1, 9, 2, 11], "texture": "#0"},
				"south": {"uv": [1, 9, 2, 11], "texture": "#0"},
				"west": {"uv": [1, 9, 2, 11], "texture": "#0"},
				"up": {"uv": [1, 9, 2, 11], "texture": "#0"},
				"down": {"uv": [1, 9, 2, 11], "texture": "#0"}
			}
		},
		{
			"from": [4, 0, 9],
			"to": [5, 1, 11],
			"faces": {
				"north": {"uv": [4, 9, 5, 11], "texture": "#0"},
				"east": {"uv": [4, 9, 5, 11], "texture": "#0"},
				"south": {"uv": [4, 9, 5, 11], "texture": "#0"},
				"west": {"uv": [4, 9, 5, 11], "texture": "#0"},
				"up": {"uv": [4, 9, 5, 11], "texture": "#0"},
				"down": {"uv": [4, 9, 5, 11], "texture": "#0"}
			}
		},
		{
			"from": [11, 0, 9],
			"to": [12, 1, 11],
			"faces": {
				"north": {"uv": [11, 9, 12, 11], "texture": "#0"},
				"east": {"uv": [11, 9, 12, 11], "texture": "#0"},
				"south": {"uv": [11, 9, 12, 11], "texture": "#0"},
				"west": {"uv": [11, 9, 12, 11], "texture": "#0"},
				"up": {"uv": [11, 9, 12, 11], "texture": "#0"},
				"down": {"uv": [11, 9, 12, 11], "texture": "#0"}
			}
		},
		{
			"from": [4, 0, 5],
			"to": [5, 1, 7],
			"faces": {
				"north": {"uv": [4, 5, 5, 7], "texture": "#0"},
				"east": {"uv": [4, 5, 5, 7], "texture": "#0"},
				"south": {"uv": [4, 5, 5, 7], "texture": "#0"},
				"west": {"uv": [4, 5, 5, 7], "texture": "#0"},
				"up": {"uv": [4, 5, 5, 7], "texture": "#0"},
				"down": {"uv": [4, 5, 5, 7], "texture": "#0"}
			}
		},
		{
			"from": [11, 0, 5],
			"to": [12, 1, 7],
			"faces": {
				"north": {"uv": [4, 9, 5, 11], "texture": "#0"},
				"east": {"uv": [4, 9, 5, 11], "texture": "#0"},
				"south": {"uv": [4, 9, 5, 11], "texture": "#0"},
				"west": {"uv": [4, 9, 5, 11], "texture": "#0"},
				"up": {"uv": [4, 9, 5, 11], "texture": "#0"},
				"down": {"uv": [4, 9, 5, 11], "texture": "#0"}
			}
		},
		{
			"from": [1, 0, 5],
			"to": [2, 1, 7],
			"faces": {
				"north": {"uv": [1, 5, 2, 7], "texture": "#0"},
				"east": {"uv": [1, 5, 2, 7], "texture": "#0"},
				"south": {"uv": [1, 5, 2, 7], "texture": "#0"},
				"west": {"uv": [1, 5, 2, 7], "texture": "#0"},
				"up": {"uv": [1, 5, 2, 7], "texture": "#0"},
				"down": {"uv": [1, 5, 2, 7], "texture": "#0"}
			}
		},
		{
			"from": [1, 0, 1],
			"to": [2, 1, 3],
			"faces": {
				"north": {"uv": [1, 1, 2, 3], "texture": "#0"},
				"east": {"uv": [1, 1, 2, 3], "texture": "#0"},
				"south": {"uv": [1, 1, 2, 3], "texture": "#0"},
				"west": {"uv": [1, 1, 2, 3], "texture": "#0"},
				"up": {"uv": [1, 1, 2, 3], "texture": "#0"},
				"down": {"uv": [1, 1, 2, 3], "texture": "#0"}
			}
		},
		{
			"from": [14, 0, 13],
			"to": [15, 1, 15],
			"faces": {
				"north": {"uv": [14, 13, 15, 15], "texture": "#0"},
				"east": {"uv": [14, 13, 15, 15], "texture": "#0"},
				"south": {"uv": [14, 13, 15, 15], "texture": "#0"},
				"west": {"uv": [14, 13, 15, 15], "texture": "#0"},
				"up": {"uv": [14, 13, 15, 15], "texture": "#0"},
				"down": {"uv": [14, 13, 15, 15], "texture": "#0"}
			}
		},
		{
			"from": [14, 0, 9],
			"to": [15, 1, 11],
			"faces": {
				"north": {"uv": [14, 9, 15, 11], "texture": "#0"},
				"east": {"uv": [14, 9, 15, 11], "texture": "#0"},
				"south": {"uv": [14, 9, 15, 11], "texture": "#0"},
				"west": {"uv": [14, 9, 15, 11], "texture": "#0"},
				"up": {"uv": [14, 9, 15, 11], "texture": "#0"},
				"down": {"uv": [14, 9, 15, 11], "texture": "#0"}
			}
		},
		{
			"from": [14, 0, 5],
			"to": [15, 1, 7],
			"faces": {
				"north": {"uv": [14, 5, 15, 7], "texture": "#0"},
				"east": {"uv": [14, 5, 15, 7], "texture": "#0"},
				"south": {"uv": [14, 5, 15, 7], "texture": "#0"},
				"west": {"uv": [14, 5, 15, 7], "texture": "#0"},
				"up": {"uv": [14, 5, 15, 7], "texture": "#0"},
				"down": {"uv": [14, 5, 15, 7], "texture": "#0"}
			}
		},
		{
			"from": [14, 0, 1],
			"to": [15, 1, 3],
			"faces": {
				"north": {"uv": [14, 1, 15, 3], "texture": "#0"},
				"east": {"uv": [14, 1, 15, 3], "texture": "#0"},
				"south": {"uv": [14, 1, 15, 3], "texture": "#0"},
				"west": {"uv": [14, 1, 15, 3], "texture": "#0"},
				"up": {"uv": [14, 1, 15, 3], "texture": "#0"},
				"down": {"uv": [14, 1, 15, 3], "texture": "#0"}
			}
		},
		{
			"from": [4, 0, 1],
			"to": [12, 1, 3],
			"faces": {
				"north": {"uv": [4, 1, 12, 3], "texture": "#0"},
				"east": {"uv": [4, 1, 12, 3], "texture": "#0"},
				"south": {"uv": [4, 1, 12, 3], "texture": "#0"},
				"west": {"uv": [4, 1, 12, 3], "texture": "#0"},
				"up": {"uv": [4, 1, 12, 3], "texture": "#0"},
				"down": {"uv": [4, 1, 12, 3], "texture": "#0"}
			}
		},
		{
			"from": [4, 0, 13],
			"to": [12, 1, 15],
			"faces": {
				"north": {"uv": [4, 13, 12, 15], "texture": "#0"},
				"east": {"uv": [4, 13, 12, 15], "texture": "#0"},
				"south": {"uv": [4, 13, 12, 15], "texture": "#0"},
				"west": {"uv": [4, 13, 12, 15], "texture": "#0"},
				"up": {"uv": [4, 13, 12, 15], "texture": "#0"},
				"down": {"uv": [4, 13, 12, 15], "texture": "#0"}
			}
		},
		{
			"from": [10, 0, 5],
			"to": [11, 1.2, 11],
			"faces": {
				"north": {"uv": [10, 5, 11, 11], "texture": "#0"},
				"east": {"uv": [10, 5, 11, 11], "texture": "#0"},
				"south": {"uv": [10, 5, 11, 11], "texture": "#0"},
				"west": {"uv": [10, 5, 11, 11], "texture": "#0"},
				"up": {"uv": [10, 5, 11, 11], "texture": "#0"},
				"down": {"uv": [10, 5, 11, 11], "texture": "#0"}
			}
		},
		{
			"from": [5, 0, 5],
			"to": [6, 1.2, 11],
			"faces": {
				"north": {"uv": [5, 5, 6, 11], "texture": "#0"},
				"east": {"uv": [5, 5, 6, 11], "texture": "#0"},
				"south": {"uv": [5, 5, 6, 11], "texture": "#0"},
				"west": {"uv": [5, 5, 6, 11], "texture": "#0"},
				"up": {"uv": [5, 5, 6, 11], "texture": "#0"},
				"down": {"uv": [5, 5, 6, 11], "texture": "#0"}
			}
		},
		{
			"from": [6, 0, 10],
			"to": [10, 1.2, 11],
			"faces": {
				"north": {"uv": [6, 10, 10, 11], "texture": "#0"},
				"east": {"uv": [6, 10, 10, 11], "texture": "#0"},
				"south": {"uv": [6, 10, 10, 11], "texture": "#0"},
				"west": {"uv": [6, 10, 10, 11], "texture": "#0"},
				"up": {"uv": [6, 10, 10, 11], "texture": "#0"},
				"down": {"uv": [6, 10, 10, 11], "texture": "#0"}
			}
		},
		{
			"from": [6, 0, 5],
			"to": [10, 1.2, 6],
			"faces": {
				"north": {"uv": [6, 5, 10, 6], "texture": "#0"},
				"east": {"uv": [6, 5, 10, 6], "texture": "#0"},
				"south": {"uv": [6, 5, 10, 6], "texture": "#0"},
				"west": {"uv": [6, 5, 10, 6], "texture": "#0"},
				"up": {"uv": [6, 5, 10, 6], "texture": "#0"},
				"down": {"uv": [6, 5, 10, 6], "texture": "#0"}
			}
		},
		{
			"from": [6, 0, 6],
			"to": [10, 1.8, 10],
			"faces": {
				"north": {"uv": [6, 6, 10, 10], "texture": "#0"},
				"east": {"uv": [6, 6, 10, 10], "texture": "#0"},
				"south": {"uv": [6, 6, 10, 10], "texture": "#0"},
				"west": {"uv": [6, 6, 10, 10], "texture": "#0"},
				"up": {"uv": [6, 6, 10, 10], "texture": "#0"},
				"down": {"uv": [6, 6, 10, 10], "texture": "#0"}
			}
		}
	]
}