{
	"credit": "Made with Blockbench",
	"ambientocclusion": false,
	"textures": {
		"particle": "block/ladder",
		"texture": "block/ladder"
	},
	"elements": [
		{
			"from": [2, 0, 15],
			"to": [4, 1, 16],
			"faces": {
				"north": {"uv": [12, 15, 14, 16], "texture": "#texture"},
				"east": {"uv": [12, 15, 14, 16], "texture": "#texture"},
				"south": {"uv": [12, 15, 14, 16], "texture": "#texture"},
				"west": {"uv": [12, 15, 14, 16], "texture": "#texture"},
				"up": {"uv": [12, 15, 14, 16], "texture": "#texture"},
				"down": {"uv": [12, 15, 14, 16], "texture": "#texture"}
			}
		},
		{
			"from": [12, 0, 15],
			"to": [14, 1, 16],
			"faces": {
				"north": {"uv": [2, 15, 4, 16], "texture": "#texture"},
				"east": {"uv": [2, 15, 4, 16], "texture": "#texture"},
				"south": {"uv": [2, 15, 4, 16], "texture": "#texture"},
				"west": {"uv": [2, 15, 4, 16], "texture": "#texture"},
				"up": {"uv": [2, 15, 4, 16], "texture": "#texture"},
				"down": {"uv": [2, 15, 4, 16], "texture": "#texture"}
			}
		},
		{
			"from": [2, 15, 15],
			"to": [4, 16, 16],
			"faces": {
				"north": {"uv": [12, 0, 14, 1], "texture": "#texture"},
				"east": {"uv": [12, 0, 14, 1], "texture": "#texture"},
				"south": {"uv": [12, 0, 14, 1], "texture": "#texture"},
				"west": {"uv": [12, 0, 14, 1], "texture": "#texture"},
				"up": {"uv": [12, 0, 14, 1], "texture": "#texture"},
				"down": {"uv": [12, 0, 14, 1], "texture": "#texture"}
			}
		},
		{
			"from": [12, 15, 15],
			"to": [14, 16, 16],
			"faces": {
				"north": {"uv": [2, 0, 4, 1], "texture": "#texture"},
				"east": {"uv": [2, 0, 4, 1], "texture": "#texture"},
				"south": {"uv": [2, 0, 4, 1], "texture": "#texture"},
				"west": {"uv": [2, 0, 4, 1], "texture": "#texture"},
				"up": {"uv": [2, 0, 4, 1], "texture": "#texture"},
				"down": {"uv": [2, 0, 4, 1], "texture": "#texture"}
			}
		},
		{
			"from": [2, 1, 14],
			"to": [14, 3, 16],
			"faces": {
				"north": {"uv": [2, 13, 14, 15], "texture": "#texture"},
				"east": {"uv": [2, 13, 14, 15], "texture": "#texture"},
				"south": {"uv": [2, 13, 14, 15], "texture": "#texture"},
				"west": {"uv": [2, 13, 14, 15], "texture": "#texture"},
				"up": {"uv": [2, 13, 14, 15], "texture": "#texture"},
				"down": {"uv": [2, 13, 14, 15], "texture": "#texture"}
			}
		},
		{
			"from": [2, 5, 14],
			"to": [14, 7, 16],
			"faces": {
				"north": {"uv": [2, 9, 14, 11], "texture": "#texture"},
				"east": {"uv": [2, 9, 14, 11], "texture": "#texture"},
				"south": {"uv": [2, 9, 14, 11], "texture": "#texture"},
				"west": {"uv": [2, 9, 14, 11], "texture": "#texture"},
				"up": {"uv": [2, 9, 14, 11], "texture": "#texture"},
				"down": {"uv": [2, 9, 14, 11], "texture": "#texture"}
			}
		},
		{
			"from": [2, 9, 14],
			"to": [14, 11, 16],
			"faces": {
				"north": {"uv": [2, 5, 14, 7], "texture": "#texture"},
				"east": {"uv": [2, 5, 14, 7], "texture": "#texture"},
				"south": {"uv": [2, 5, 14, 7], "texture": "#texture"},
				"west": {"uv": [2, 5, 14, 7], "texture": "#texture"},
				"up": {"uv": [2, 5, 14, 7], "texture": "#texture"},
				"down": {"uv": [2, 5, 14, 7], "texture": "#texture"}
			}
		},
		{
			"from": [2, 13, 14],
			"to": [14, 15, 16],
			"faces": {
				"north": {"uv": [2, 1, 14, 3], "texture": "#texture"},
				"east": {"uv": [2, 1, 14, 3], "texture": "#texture"},
				"south": {"uv": [2, 1, 14, 3], "texture": "#texture"},
				"west": {"uv": [2, 1, 14, 3], "texture": "#texture"},
				"up": {"uv": [2, 1, 14, 3], "texture": "#texture"},
				"down": {"uv": [2, 1, 14, 3], "texture": "#texture"}
			}
		},
		{
			"from": [1, 5, 14],
			"to": [2, 7, 16],
			"faces": {
				"north": {"uv": [14, 9, 15, 11], "texture": "#texture"},
				"east": {"uv": [14, 9, 15, 11], "texture": "#texture"},
				"south": {"uv": [14, 9, 15, 11], "texture": "#texture"},
				"west": {"uv": [14, 9, 15, 11], "texture": "#texture"},
				"up": {"uv": [14, 9, 15, 11], "texture": "#texture"},
				"down": {"uv": [14, 9, 15, 11], "texture": "#texture"}
			}
		},
		{
			"from": [1, 1, 14],
			"to": [2, 3, 16],
			"faces": {
				"north": {"uv": [14, 13, 15, 15], "texture": "#texture"},
				"east": {"uv": [14, 13, 15, 15], "texture": "#texture"},
				"south": {"uv": [14, 13, 15, 15], "texture": "#texture"},
				"west": {"uv": [14, 13, 15, 15], "texture": "#texture"},
				"up": {"uv": [14, 13, 15, 15], "texture": "#texture"},
				"down": {"uv": [14, 13, 15, 15], "texture": "#texture"}
			}
		},
		{
			"from": [1, 9, 14],
			"to": [2, 11, 16],
			"faces": {
				"north": {"uv": [14, 5, 15, 7], "texture": "#texture"},
				"east": {"uv": [14, 5, 15, 7], "texture": "#texture"},
				"south": {"uv": [14, 5, 15, 7], "texture": "#texture"},
				"west": {"uv": [14, 5, 15, 7], "texture": "#texture"},
				"up": {"uv": [14, 5, 15, 7], "texture": "#texture"},
				"down": {"uv": [14, 5, 15, 7], "texture": "#texture"}
			}
		},
		{
			"from": [1, 13, 14],
			"to": [2, 15, 16],
			"faces": {
				"north": {"uv": [14, 1, 15, 3], "texture": "#texture"},
				"east": {"uv": [14, 1, 15, 3], "texture": "#texture"},
				"south": {"uv": [14, 1, 15, 3], "texture": "#texture"},
				"west": {"uv": [14, 1, 15, 3], "texture": "#texture"},
				"up": {"uv": [14, 1, 15, 3], "texture": "#texture"},
				"down": {"uv": [14, 1, 15, 3], "texture": "#texture"}
			}
		},
		{
			"from": [14, 1, 14],
			"to": [15, 3, 16],
			"faces": {
				"north": {"uv": [1, 13, 2, 15], "texture": "#texture"},
				"east": {"uv": [1, 13, 2, 15], "texture": "#texture"},
				"south": {"uv": [1, 13, 2, 15], "texture": "#texture"},
				"west": {"uv": [1, 13, 2, 15], "texture": "#texture"},
				"up": {"uv": [1, 13, 2, 15], "texture": "#texture"},
				"down": {"uv": [1, 13, 2, 15], "texture": "#texture"}
			}
		},
		{
			"from": [14, 5, 14],
			"to": [15, 7, 16],
			"faces": {
				"north": {"uv": [1, 9, 2, 11], "texture": "#texture"},
				"east": {"uv": [1, 9, 2, 11], "texture": "#texture"},
				"south": {"uv": [1, 9, 2, 11], "texture": "#texture"},
				"west": {"uv": [1, 9, 2, 11], "texture": "#texture"},
				"up": {"uv": [1, 9, 2, 11], "texture": "#texture"},
				"down": {"uv": [1, 9, 2, 11], "texture": "#texture"}
			}
		},
		{
			"from": [14, 9, 14],
			"to": [15, 11, 16],
			"faces": {
				"north": {"uv": [1, 5, 2, 7], "texture": "#texture"},
				"east": {"uv": [1, 5, 2, 7], "texture": "#texture"},
				"south": {"uv": [1, 5, 2, 7], "texture": "#texture"},
				"west": {"uv": [1, 5, 2, 7], "texture": "#texture"},
				"up": {"uv": [1, 5, 2, 7], "texture": "#texture"},
				"down": {"uv": [1, 5, 2, 7], "texture": "#texture"}
			}
		},
		{
			"from": [14, 13, 14],
			"to": [15, 15, 16],
			"faces": {
				"north": {"uv": [1, 1, 2, 3], "texture": "#texture"},
				"east": {"uv": [1, 1, 2, 3], "texture": "#texture"},
				"south": {"uv": [1, 1, 2, 3], "texture": "#texture"},
				"west": {"uv": [1, 1, 2, 3], "texture": "#texture"},
				"up": {"uv": [1, 1, 2, 3], "texture": "#texture"},
				"down": {"uv": [1, 1, 2, 3], "texture": "#texture"}
			}
		},
		{
			"from": [2, 3, 15],
			"to": [4, 5, 16],
			"faces": {
				"north": {"uv": [12, 11, 14, 13], "texture": "#texture"},
				"east": {"uv": [12, 11, 14, 13], "texture": "#texture"},
				"south": {"uv": [12, 11, 14, 13], "texture": "#texture"},
				"west": {"uv": [12, 11, 14, 13], "texture": "#texture"},
				"up": {"uv": [12, 11, 14, 13], "texture": "#texture"},
				"down": {"uv": [12, 11, 14, 13], "texture": "#texture"}
			}
		},
		{
			"from": [2, 7, 15],
			"to": [4, 9, 16],
			"faces": {
				"north": {"uv": [12, 7, 14, 9], "texture": "#texture"},
				"east": {"uv": [12, 7, 14, 9], "texture": "#texture"},
				"south": {"uv": [12, 7, 14, 9], "texture": "#texture"},
				"west": {"uv": [12, 7, 14, 9], "texture": "#texture"},
				"up": {"uv": [12, 7, 14, 9], "texture": "#texture"},
				"down": {"uv": [12, 7, 14, 9], "texture": "#texture"}
			}
		},
		{
			"from": [2, 11, 15],
			"to": [4, 13, 16],
			"faces": {
				"north": {"uv": [12, 3, 14, 5], "texture": "#texture"},
				"east": {"uv": [12, 3, 14, 5], "texture": "#texture"},
				"south": {"uv": [12, 3, 14, 5], "texture": "#texture"},
				"west": {"uv": [12, 3, 14, 5], "texture": "#texture"},
				"up": {"uv": [12, 3, 14, 5], "texture": "#texture"},
				"down": {"uv": [12, 3, 14, 5], "texture": "#texture"}
			}
		},
		{
			"from": [12, 3, 15],
			"to": [14, 5, 16],
			"faces": {
				"north": {"uv": [2, 11, 4, 13], "texture": "#texture"},
				"east": {"uv": [2, 11, 4, 13], "texture": "#texture"},
				"south": {"uv": [2, 11, 4, 13], "texture": "#texture"},
				"west": {"uv": [2, 11, 4, 13], "texture": "#texture"},
				"up": {"uv": [2, 11, 4, 13], "texture": "#texture"},
				"down": {"uv": [2, 11, 4, 13], "texture": "#texture"}
			}
		},
		{
			"from": [12, 7, 15],
			"to": [14, 9, 16],
			"faces": {
				"north": {"uv": [2, 7, 4, 9], "texture": "#texture"},
				"east": {"uv": [2, 7, 4, 9], "texture": "#texture"},
				"south": {"uv": [2, 7, 4, 9], "texture": "#texture"},
				"west": {"uv": [2, 7, 4, 9], "texture": "#texture"},
				"up": {"uv": [2, 7, 4, 9], "texture": "#texture"},
				"down": {"uv": [2, 7, 4, 9], "texture": "#texture"}
			}
		},
		{
			"from": [12, 11, 15],
			"to": [14, 13, 16],
			"faces": {
				"north": {"uv": [2, 3, 4, 5], "texture": "#texture"},
				"east": {"uv": [2, 3, 4, 5], "texture": "#texture"},
				"south": {"uv": [2, 3, 4, 5], "texture": "#texture"},
				"west": {"uv": [2, 3, 4, 5], "texture": "#texture"},
				"up": {"uv": [2, 3, 4, 5], "texture": "#texture"},
				"down": {"uv": [2, 3, 4, 5], "texture": "#texture"}
			}
		}
	],
	"display": {
		"thirdperson_righthand": {
			"translation": [0, 2.25, -3.5],
			"scale": [0.5, 0.5, 0.5]
		},
		"thirdperson_lefthand": {
			"translation": [0, 2.25, -3.5],
			"scale": [0.5, 0.5, 0.5]
		},
		"firstperson_righthand": {
			"translation": [-1, 3.5, 0],
			"scale": [0.4, 0.4, 0.4]
		},
		"firstperson_lefthand": {
			"translation": [-1, 3.5, 0],
			"scale": [0.4, 0.4, 0.4]
		},
		"ground": {
			"translation": [0, 0, -7]
		},
		"fixed": {
			"translation": [0, 0, -8]
		}
	}
}