{
	"credit": "Made with Blockbench",
	"textures": {
		"0": "block/powered_rail",
		"1": "block/powered_rail_on",
		"particle": "block/powered_rail_on"
	},
	"elements": [
		{
			"from": [2, 7, -9],
			"to": [3, 9, 7],
			"rotation": {"angle": 45, "axis": "x", "origin": [0, 0, 0], "rescale": true},
			"faces": {
				"north": {"uv": [2, 0, 3, 16], "texture": "#0"},
				"east": {"uv": [2, 0, 3, 16], "texture": "#0"},
				"south": {"uv": [2, 0, 3, 16], "texture": "#0"},
				"west": {"uv": [2, 0, 3, 16], "texture": "#0"},
				"up": {"uv": [2, 0, 3, 16], "texture": "#0"},
				"down": {"uv": [2, 0, 3, 16], "texture": "#0"}
			}
		},
		{
			"from": [7, 7, -2],
			"to": [9, 8.2, 0],
			"rotation": {"angle": 45, "axis": "x", "origin": [0, 0, 0], "rescale": true},
			"faces": {
				"north": {"uv": [7, 7, 9, 9], "texture": "#1"},
				"east": {"uv": [7, 7, 9, 9], "texture": "#1"},
				"south": {"uv": [7, 7, 9, 9], "texture": "#1"},
				"west": {"uv": [7, 7, 9, 9], "texture": "#1"},
				"up": {"uv": [7, 7, 9, 9], "texture": "#1"},
				"down": {"uv": [7, 7, 9, 9], "texture": "#1"}
			}
		},
		{
			"from": [7, 7, 2],
			"to": [9, 8.2, 4],
			"rotation": {"angle": 45, "axis": "x", "origin": [0, 0, 0], "rescale": true},
			"faces": {
				"north": {"uv": [7, 11, 9, 13], "texture": "#1"},
				"east": {"uv": [7, 11, 9, 13], "texture": "#1"},
				"south": {"uv": [7, 11, 9, 13], "texture": "#1"},
				"west": {"uv": [7, 11, 9, 13], "texture": "#1"},
				"up": {"uv": [7, 11, 9, 13], "texture": "#1"},
				"down": {"uv": [7, 11, 9, 13], "texture": "#1"}
			}
		},
		{
			"from": [7, 7, -6],
			"to": [9, 8.2, -4],
			"rotation": {"angle": 45, "axis": "x", "origin": [0, 0, 0], "rescale": true},
			"faces": {
				"north": {"uv": [7, 3, 9, 5], "texture": "#1"},
				"east": {"uv": [7, 3, 9, 5], "texture": "#1"},
				"south": {"uv": [7, 3, 9, 5], "texture": "#1"},
				"west": {"uv": [7, 3, 9, 5], "texture": "#1"},
				"up": {"uv": [7, 3, 9, 5], "texture": "#1"},
				"down": {"uv": [7, 3, 9, 5], "texture": "#1"}
			}
		},
		{
			"from": [6, 7, 4],
			"to": [10, 8, 6],
			"rotation": {"angle": 45, "axis": "x", "origin": [0, 0, 0], "rescale": true},
			"faces": {
				"north": {"uv": [6, 13, 10, 15], "texture": "#0"},
				"east": {"uv": [6, 13, 10, 15], "texture": "#0"},
				"south": {"uv": [6, 13, 10, 15], "texture": "#0"},
				"west": {"uv": [6, 13, 10, 15], "texture": "#0"},
				"up": {"uv": [6, 13, 10, 15], "texture": "#0"},
				"down": {"uv": [6, 13, 10, 15], "texture": "#0"}
			}
		},
		{
			"from": [6, 7, 0],
			"to": [10, 8, 2],
			"rotation": {"angle": 45, "axis": "x", "origin": [0, 0, 0], "rescale": true},
			"faces": {
				"north": {"uv": [6, 9, 10, 11], "texture": "#0"},
				"east": {"uv": [6, 9, 10, 11], "texture": "#0"},
				"south": {"uv": [6, 9, 10, 11], "texture": "#0"},
				"west": {"uv": [6, 9, 10, 11], "texture": "#0"},
				"up": {"uv": [6, 9, 10, 11], "texture": "#0"},
				"down": {"uv": [6, 9, 10, 11], "texture": "#0"}
			}
		},
		{
			"from": [6, 7, -4],
			"to": [10, 8, -2],
			"rotation": {"angle": 45, "axis": "x", "origin": [0, 0, 0], "rescale": true},
			"faces": {
				"north": {"uv": [6, 5, 10, 7], "texture": "#0"},
				"east": {"uv": [6, 5, 10, 7], "texture": "#0"},
				"south": {"uv": [6, 5, 10, 7], "texture": "#0"},
				"west": {"uv": [6, 5, 10, 7], "texture": "#0"},
				"up": {"uv": [6, 5, 10, 7], "texture": "#0"},
				"down": {"uv": [6, 5, 10, 7], "texture": "#0"}
			}
		},
		{
			"from": [6, 7, -8],
			"to": [10, 8, -6],
			"rotation": {"angle": 45, "axis": "x", "origin": [0, 0, 0], "rescale": true},
			"faces": {
				"north": {"uv": [6, 1, 10, 3], "texture": "#0"},
				"east": {"uv": [6, 1, 10, 3], "texture": "#0"},
				"south": {"uv": [6, 1, 10, 3], "texture": "#0"},
				"west": {"uv": [6, 1, 10, 3], "texture": "#0"},
				"up": {"uv": [6, 1, 10, 3], "texture": "#0"},
				"down": {"uv": [6, 1, 10, 3], "texture": "#0"}
			}
		},
		{
			"from": [14, 7, 4],
			"to": [15, 8, 6],
			"rotation": {"angle": 45, "axis": "x", "origin": [0, 0, 0], "rescale": true},
			"faces": {
				"north": {"uv": [14, 13, 15, 15], "texture": "#0"},
				"east": {"uv": [14, 13, 15, 15], "texture": "#0"},
				"south": {"uv": [14, 13, 15, 15], "texture": "#0"},
				"west": {"uv": [14, 13, 15, 15], "texture": "#0"},
				"up": {"uv": [14, 13, 15, 15], "texture": "#0"},
				"down": {"uv": [14, 13, 15, 15], "texture": "#0"}
			}
		},
		{
			"from": [14, 7, 0],
			"to": [15, 8, 2],
			"rotation": {"angle": 45, "axis": "x", "origin": [0, 0, 0], "rescale": true},
			"faces": {
				"north": {"uv": [14, 9, 15, 11], "texture": "#0"},
				"east": {"uv": [14, 9, 15, 11], "texture": "#0"},
				"south": {"uv": [14, 9, 15, 11], "texture": "#0"},
				"west": {"uv": [14, 9, 15, 11], "texture": "#0"},
				"up": {"uv": [14, 9, 15, 11], "texture": "#0"},
				"down": {"uv": [14, 9, 15, 11], "texture": "#0"}
			}
		},
		{
			"from": [14, 7, -4],
			"to": [15, 8, -2],
			"rotation": {"angle": 45, "axis": "x", "origin": [0, 0, 0], "rescale": true},
			"faces": {
				"north": {"uv": [14, 5, 15, 7], "texture": "#0"},
				"east": {"uv": [14, 5, 15, 7], "texture": "#0"},
				"south": {"uv": [14, 5, 15, 7], "texture": "#0"},
				"west": {"uv": [14, 5, 15, 7], "texture": "#0"},
				"up": {"uv": [14, 5, 15, 7], "texture": "#0"},
				"down": {"uv": [14, 5, 15, 7], "texture": "#0"}
			}
		},
		{
			"from": [14, 7, -8],
			"to": [15, 8, -6],
			"rotation": {"angle": 45, "axis": "x", "origin": [0, 0, 0], "rescale": true},
			"faces": {
				"north": {"uv": [14, 1, 15, 3], "texture": "#0"},
				"east": {"uv": [14, 1, 15, 3], "texture": "#0"},
				"south": {"uv": [14, 1, 15, 3], "texture": "#0"},
				"west": {"uv": [14, 1, 15, 3], "texture": "#0"},
				"up": {"uv": [14, 1, 15, 3], "texture": "#0"},
				"down": {"uv": [14, 1, 15, 3], "texture": "#0"}
			}
		},
		{
			"from": [1, 7, 4],
			"to": [2, 8, 6],
			"rotation": {"angle": 45, "axis": "x", "origin": [0, 0, 0], "rescale": true},
			"faces": {
				"north": {"uv": [1, 13, 2, 15], "texture": "#0"},
				"east": {"uv": [1, 13, 2, 15], "texture": "#0"},
				"south": {"uv": [1, 13, 2, 15], "texture": "#0"},
				"west": {"uv": [1, 13, 2, 15], "texture": "#0"},
				"up": {"uv": [1, 13, 2, 15], "texture": "#0"},
				"down": {"uv": [1, 13, 2, 15], "texture": "#0"}
			}
		},
		{
			"from": [1, 7, 0],
			"to": [2, 8, 2],
			"rotation": {"angle": 45, "axis": "x", "origin": [0, 0, 0], "rescale": true},
			"faces": {
				"north": {"uv": [1, 9, 2, 11], "texture": "#0"},
				"east": {"uv": [1, 9, 2, 11], "texture": "#0"},
				"south": {"uv": [1, 9, 2, 11], "texture": "#0"},
				"west": {"uv": [1, 9, 2, 11], "texture": "#0"},
				"up": {"uv": [1, 9, 2, 11], "texture": "#0"},
				"down": {"uv": [1, 9, 2, 11], "texture": "#0"}
			}
		},
		{
			"from": [1, 7, -4],
			"to": [2, 8, -2],
			"rotation": {"angle": 45, "axis": "x", "origin": [0, 0, 0], "rescale": true},
			"faces": {
				"north": {"uv": [1, 5, 2, 7], "texture": "#0"},
				"east": {"uv": [1, 5, 2, 7], "texture": "#0"},
				"south": {"uv": [1, 5, 2, 7], "texture": "#0"},
				"west": {"uv": [1, 5, 2, 7], "texture": "#0"},
				"up": {"uv": [1, 5, 2, 7], "texture": "#0"},
				"down": {"uv": [1, 5, 2, 7], "texture": "#0"}
			}
		},
		{
			"from": [1, 7, -8],
			"to": [2, 8, -6],
			"rotation": {"angle": 45, "axis": "x", "origin": [0, 0, 0], "rescale": true},
			"faces": {
				"north": {"uv": [1, 1, 2, 3], "texture": "#0"},
				"east": {"uv": [1, 1, 2, 3], "texture": "#0"},
				"south": {"uv": [1, 1, 2, 3], "texture": "#0"},
				"west": {"uv": [1, 1, 2, 3], "texture": "#0"},
				"up": {"uv": [1, 1, 2, 3], "texture": "#0"},
				"down": {"uv": [1, 1, 2, 3], "texture": "#0"}
			}
		},
		{
			"from": [10, 7, 4],
			"to": [11, 8.2, 6],
			"rotation": {"angle": 45, "axis": "x", "origin": [0, 0, 0], "rescale": true},
			"faces": {
				"north": {"uv": [10, 13, 11, 15], "texture": "#1"},
				"east": {"uv": [10, 13, 11, 15], "texture": "#1"},
				"south": {"uv": [10, 13, 11, 15], "texture": "#1"},
				"west": {"uv": [10, 13, 11, 15], "texture": "#1"},
				"up": {"uv": [10, 13, 11, 15], "texture": "#1"},
				"down": {"uv": [10, 13, 11, 15], "texture": "#1"}
			}
		},
		{
			"from": [10, 7, 0],
			"to": [11, 8.2, 2],
			"rotation": {"angle": 45, "axis": "x", "origin": [0, 0, 0], "rescale": true},
			"faces": {
				"north": {"uv": [10, 9, 11, 11], "texture": "#1"},
				"east": {"uv": [10, 9, 11, 11], "texture": "#1"},
				"south": {"uv": [10, 9, 11, 11], "texture": "#1"},
				"west": {"uv": [10, 9, 11, 11], "texture": "#1"},
				"up": {"uv": [10, 9, 11, 11], "texture": "#1"},
				"down": {"uv": [10, 9, 11, 11], "texture": "#1"}
			}
		},
		{
			"from": [10, 7, -4],
			"to": [11, 8.2, -2],
			"rotation": {"angle": 45, "axis": "x", "origin": [0, 0, 0], "rescale": true},
			"faces": {
				"north": {"uv": [10, 5, 11, 7], "texture": "#1"},
				"east": {"uv": [10, 5, 11, 7], "texture": "#1"},
				"south": {"uv": [10, 5, 11, 7], "texture": "#1"},
				"west": {"uv": [10, 5, 11, 7], "texture": "#1"},
				"up": {"uv": [10, 5, 11, 7], "texture": "#1"},
				"down": {"uv": [10, 5, 11, 7], "texture": "#1"}
			}
		},
		{
			"from": [10, 7, -8],
			"to": [11, 8.2, -6],
			"rotation": {"angle": 45, "axis": "x", "origin": [0, 0, 0], "rescale": true},
			"faces": {
				"north": {"uv": [10, 1, 11, 3], "texture": "#1"},
				"east": {"uv": [10, 1, 11, 3], "texture": "#1"},
				"south": {"uv": [10, 1, 11, 3], "texture": "#1"},
				"west": {"uv": [10, 1, 11, 3], "texture": "#1"},
				"up": {"uv": [10, 1, 11, 3], "texture": "#1"},
				"down": {"uv": [10, 1, 11, 3], "texture": "#1"}
			}
		},
		{
			"from": [5, 7, 4],
			"to": [6, 8.2, 6],
			"rotation": {"angle": 45, "axis": "x", "origin": [0, 0, 0], "rescale": true},
			"faces": {
				"north": {"uv": [5, 13, 6, 15], "texture": "#1"},
				"east": {"uv": [5, 13, 6, 15], "texture": "#1"},
				"south": {"uv": [5, 13, 6, 15], "texture": "#1"},
				"west": {"uv": [5, 13, 6, 15], "texture": "#1"},
				"up": {"uv": [5, 13, 6, 15], "texture": "#1"},
				"down": {"uv": [5, 13, 6, 15], "texture": "#1"}
			}
		},
		{
			"from": [5, 7, 0],
			"to": [6, 8.2, 2],
			"rotation": {"angle": 45, "axis": "x", "origin": [0, 0, 0], "rescale": true},
			"faces": {
				"north": {"uv": [5, 9, 6, 11], "texture": "#1"},
				"east": {"uv": [5, 9, 6, 11], "texture": "#1"},
				"south": {"uv": [5, 9, 6, 11], "texture": "#1"},
				"west": {"uv": [5, 9, 6, 11], "texture": "#1"},
				"up": {"uv": [5, 9, 6, 11], "texture": "#1"},
				"down": {"uv": [5, 9, 6, 11], "texture": "#1"}
			}
		},
		{
			"from": [5, 7, -4],
			"to": [6, 8.2, -2],
			"rotation": {"angle": 45, "axis": "x", "origin": [0, 0, 0], "rescale": true},
			"faces": {
				"north": {"uv": [5, 5, 6, 7], "texture": "#1"},
				"east": {"uv": [5, 5, 6, 7], "texture": "#1"},
				"south": {"uv": [5, 5, 6, 7], "texture": "#1"},
				"west": {"uv": [5, 5, 6, 7], "texture": "#1"},
				"up": {"uv": [5, 5, 6, 7], "texture": "#1"},
				"down": {"uv": [5, 5, 6, 7], "texture": "#1"}
			}
		},
		{
			"from": [5, 7, -8],
			"to": [6, 8.2, -6],
			"rotation": {"angle": 45, "axis": "x", "origin": [0, 0, 0], "rescale": true},
			"faces": {
				"north": {"uv": [5, 1, 6, 3], "texture": "#1"},
				"east": {"uv": [5, 1, 6, 3], "texture": "#1"},
				"south": {"uv": [5, 1, 6, 3], "texture": "#1"},
				"west": {"uv": [5, 1, 6, 3], "texture": "#1"},
				"up": {"uv": [5, 1, 6, 3], "texture": "#1"},
				"down": {"uv": [5, 1, 6, 3], "texture": "#1"}
			}
		},
		{
			"from": [13, 7, -9],
			"to": [14, 9, 7],
			"rotation": {"angle": 45, "axis": "x", "origin": [0, 0, 0], "rescale": true},
			"faces": {
				"north": {"uv": [13, 0, 14, 16], "texture": "#0"},
				"east": {"uv": [13, 0, 14, 16], "texture": "#0"},
				"south": {"uv": [13, 0, 14, 16], "texture": "#0"},
				"west": {"uv": [13, 0, 14, 16], "texture": "#0"},
				"up": {"uv": [13, 0, 14, 16], "texture": "#0"},
				"down": {"uv": [13, 0, 14, 16], "texture": "#0"}
			}
		},
		{
			"from": [12, 7, -9],
			"to": [13, 9, 7],
			"rotation": {"angle": 45, "axis": "x", "origin": [0, 0, 0], "rescale": true},
			"faces": {
				"north": {"uv": [12, 0, 13, 16], "texture": "#0"},
				"east": {"uv": [12, 0, 13, 16], "texture": "#0"},
				"south": {"uv": [12, 0, 13, 16], "texture": "#0"},
				"west": {"uv": [12, 0, 13, 16], "texture": "#0"},
				"up": {"uv": [12, 0, 13, 16], "texture": "#0"},
				"down": {"uv": [12, 0, 13, 16], "texture": "#0"}
			}
		},
		{
			"from": [11, 7, -9],
			"to": [12, 8.5, 7],
			"rotation": {"angle": 45, "axis": "x", "origin": [0, 0, 0], "rescale": true},
			"faces": {
				"north": {"uv": [11, 0, 12, 16], "texture": "#0"},
				"east": {"uv": [11, 0, 12, 16], "texture": "#0"},
				"south": {"uv": [11, 0, 12, 16], "texture": "#0"},
				"west": {"uv": [11, 0, 12, 16], "texture": "#0"},
				"up": {"uv": [11, 0, 12, 16], "texture": "#0"},
				"down": {"uv": [11, 0, 12, 16], "texture": "#0"}
			}
		},
		{
			"from": [4, 7, -9],
			"to": [5, 8.5, 7],
			"rotation": {"angle": 45, "axis": "x", "origin": [0, 0, 0], "rescale": true},
			"faces": {
				"north": {"uv": [4, 0, 5, 16], "texture": "#0"},
				"east": {"uv": [4, 0, 5, 16], "texture": "#0"},
				"south": {"uv": [4, 0, 5, 16], "texture": "#0"},
				"west": {"uv": [4, 0, 5, 16], "texture": "#0"},
				"up": {"uv": [4, 0, 5, 16], "texture": "#0"},
				"down": {"uv": [4, 0, 5, 16], "texture": "#0"}
			}
		},
		{
			"from": [3, 7, -9],
			"to": [4, 9, 7],
			"rotation": {"angle": 45, "axis": "x", "origin": [0, 0, 0], "rescale": true},
			"faces": {
				"north": {"uv": [3, 0, 4, 16], "texture": "#0"},
				"east": {"uv": [3, 0, 4, 16], "texture": "#0"},
				"south": {"uv": [3, 0, 4, 16], "texture": "#0"},
				"west": {"uv": [3, 0, 4, 16], "texture": "#0"},
				"up": {"uv": [3, 0, 4, 16], "texture": "#0"},
				"down": {"uv": [3, 0, 4, 16], "texture": "#0"}
			}
		}
	],
	"display": {
		"thirdperson_righthand": {
			"rotation": [85, 5, 0],
			"translation": [0, 2.25, 3.75],
			"scale": [0.5, 0.5, 0.5]
		},
		"thirdperson_lefthand": {
			"rotation": [85, 0, 0],
			"translation": [0, 2.25, 3.75],
			"scale": [0.5, 0.5, 0.5]
		},
		"firstperson_righthand": {
			"rotation": [85, 0, 0],
			"translation": [5, 0, 0],
			"scale": [0.8, 0.8, 0.8]
		},
		"firstperson_lefthand": {
			"rotation": [85, 0, 0],
			"translation": [5, 0, 0],
			"scale": [0.8, 0.8, 0.8]
		},
		"ground": {
			"translation": [0, 0.75, 0],
			"scale": [0.6, 0.6, 0.6]
		},
		"gui": {
			"rotation": [90, 0, 0]
		},
		"head": {
			"translation": [0, 13, 0],
			"scale": [0.8, 0.8, 0.8]
		},
		"fixed": {
			"rotation": [-90, 180, 0],
			"translation": [0, 0, -8]
		}
	},
	"groups": [
		{
			"name": "group",
			"origin": [0, 0, 0],
			"color": 0,
			"children": [0, 1, 2, 3, 4, 5, 6, 7, 8, 9, 10, 11, 12, 13, 14, 15, 16, 17, 18, 19, 20, 21, 22, 23, 24, 25, 26, 27, 28]
		}
	]
}