{
	"credit": "Made with Blockbench",
	"textures": {
		"0": "block/rail",
		"1": "block/rail1",
		"particle": "block/rail"
	},
	"elements": [
		{
			"from": [12, 7, -9],
			"to": [14, 9, 7],
			"rotation": {"angle": 45, "axis": "x", "origin": [0, 0, 0], "rescale": true},
			"faces": {
				"north": {"uv": [2, 9, 4, 16], "texture": "#0"},
				"east": {"uv": [0, 2, 16, 4], "texture": "#1"},
				"south": {"uv": [4, 9, 2, 16], "texture": "#0"},
				"west": {"uv": [0, 2, 16, 4], "texture": "#1"},
				"up": {"uv": [12, 0, 14, 16], "texture": "#0"},
				"down": {"uv": [12, 0, 14, 16], "texture": "#0"}
			}
		},
		{
			"from": [2, 7, -9],
			"to": [4, 9, 7],
			"rotation": {"angle": 45, "axis": "x", "origin": [0, 0, 0], "rescale": true},
			"faces": {
				"north": {"uv": [12, 0, 14, 7], "texture": "#0"},
				"east": {"uv": [0, 2, 16, 4], "texture": "#1"},
				"south": {"uv": [12, 16, 14, 9], "texture": "#0"},
				"west": {"uv": [0, 2, 16, 4], "texture": "#1"},
				"up": {"uv": [2, 0, 4, 16], "texture": "#0"},
				"down": {"uv": [2, 0, 4, 16], "texture": "#0"}
			}
		},
		{
			"from": [1, 7, 4],
			"to": [15, 8, 6],
			"rotation": {"angle": 45, "axis": "x", "origin": [0, 0, 0], "rescale": true},
			"faces": {
				"north": {"uv": [1, 13, 15, 15], "texture": "#0"},
				"east": {"uv": [1, 14, 3, 15], "texture": "#1"},
				"south": {"uv": [1, 13, 15, 15], "texture": "#0"},
				"west": {"uv": [13, 2, 15, 1], "texture": "#1"},
				"up": {"uv": [1, 13, 15, 15], "texture": "#0"},
				"down": {"uv": [1, 13, 15, 15], "texture": "#0"}
			}
		},
		{
			"from": [1, 7, 0],
			"to": [15, 8, 2],
			"rotation": {"angle": 45, "axis": "x", "origin": [0, 0, 0], "rescale": true},
			"faces": {
				"north": {"uv": [1, 9, 15, 11], "texture": "#0"},
				"east": {"uv": [5, 14, 7, 15], "texture": "#1"},
				"south": {"uv": [1, 9, 15, 11], "texture": "#0"},
				"west": {"uv": [9, 1, 11, 2], "texture": "#1"},
				"up": {"uv": [1, 9, 15, 11], "texture": "#0"},
				"down": {"uv": [1, 9, 15, 11], "texture": "#0"}
			}
		},
		{
			"from": [1, 7, -4],
			"to": [15, 8, -2],
			"rotation": {"angle": 45, "axis": "x", "origin": [0, 0, 0], "rescale": true},
			"faces": {
				"north": {"uv": [1, 5, 15, 7], "texture": "#0"},
				"east": {"uv": [9, 14, 11, 15], "texture": "#1"},
				"south": {"uv": [1, 5, 15, 7], "texture": "#0"},
				"west": {"uv": [5, 1, 7, 2], "texture": "#1"},
				"up": {"uv": [1, 5, 15, 7], "texture": "#0"},
				"down": {"uv": [1, 5, 15, 7], "texture": "#0"}
			}
		},
		{
			"from": [1, 7, -8],
			"to": [15, 8, -6],
			"rotation": {"angle": 45, "axis": "x", "origin": [0, 0, 0], "rescale": true},
			"faces": {
				"north": {"uv": [1, 1, 15, 3], "texture": "#0"},
				"east": {"uv": [13, 15, 15, 14], "texture": "#1"},
				"south": {"uv": [1, 1, 15, 3], "texture": "#0"},
				"west": {"uv": [1, 1, 3, 2], "texture": "#1"},
				"up": {"uv": [1, 1, 15, 3], "texture": "#0"},
				"down": {"uv": [1, 1, 15, 3], "texture": "#0"}
			}
		}
	],
	"display": {
		"thirdperson_righthand": {
			"rotation": [85, 5, 0],
			"translation": [0, 2.25, 3.75],
			"scale": [0.5, 0.5, 0.5]
		},
		"thirdperson_lefthand": {
			"rotation": [85, 0, 0],
			"translation": [0, 2.25, 3.75],
			"scale": [0.5, 0.5, 0.5]
		},
		"firstperson_righthand": {
			"rotation": [85, 0, 0],
			"translation": [5, 0, 0],
			"scale": [0.8, 0.8, 0.8]
		},
		"firstperson_lefthand": {
			"rotation": [85, 0, 0],
			"translation": [5, 0, 0],
			"scale": [0.8, 0.8, 0.8]
		},
		"ground": {
			"translation": [0, 0.75, 0],
			"scale": [0.6, 0.6, 0.6]
		},
		"gui": {
			"rotation": [90, 0, 0]
		},
		"head": {
			"translation": [0, 13, 0],
			"scale": [0.8, 0.8, 0.8]
		},
		"fixed": {
			"rotation": [-90, 0, 0],
			"translation": [0, 0, -8]
		}
	},
	"groups": [
		{
			"name": "group",
			"origin": [0, 0, 0],
			"color": 0,
			"children": [0, 1, 2, 3, 4, 5]
		}
	]
}