{
	"credit": "Made with Blockbench",
	"textures": {
		"0": "block/redstone_dust_line0",
		"2": "block/redstone_dust_overlay",
		"particle": "block/redstone_dust_dot"
	},
	"elements": [
		{
			"from": [7, 0, 0],
			"to": [8, 1, 0.5],
			"faces": {
				"north": {"uv": [7, 15, 8, 16], "texture": "#0", "tintindex": 0 },
				"east": {"uv": [7, 15, 8, 16], "texture": "#0", "tintindex": 0 },
				"south": {"uv": [7, 15, 8, 16], "texture": "#0", "tintindex": 0 },
				"west": {"uv": [7, 15, 8, 16], "texture": "#0", "tintindex": 0 },
				"up": {"uv": [7, 15, 8, 16], "texture": "#0", "tintindex": 0 },
				"down": {"uv": [7, 15, 8, 16], "texture": "#0", "tintindex": 0 }
			}
		},
		{
			"from": [8, 1, 0],
			"to": [9, 2, 0.5],
			"faces": {
				"north": {"uv": [8, 14, 9, 15], "texture": "#0", "tintindex": 0 },
				"east": {"uv": [8, 14, 9, 15], "texture": "#0", "tintindex": 0 },
				"south": {"uv": [8, 14, 9, 15], "texture": "#0", "tintindex": 0 },
				"west": {"uv": [8, 14, 9, 15], "texture": "#0", "tintindex": 0 },
				"up": {"uv": [8, 14, 9, 15], "texture": "#0", "tintindex": 0 },
				"down": {"uv": [8, 14, 9, 15], "texture": "#0", "tintindex": 0 }
			}
		},
		{
			"from": [8, 2, 0],
			"to": [9, 3, 0.5],
			"faces": {
				"north": {"uv": [8, 13, 9, 14], "texture": "#0", "tintindex": 0 },
				"east": {"uv": [8, 13, 9, 14], "texture": "#0", "tintindex": 0 },
				"south": {"uv": [8, 13, 9, 14], "texture": "#0", "tintindex": 0 },
				"west": {"uv": [8, 13, 9, 14], "texture": "#0", "tintindex": 0 },
				"up": {"uv": [8, 13, 9, 14], "texture": "#0", "tintindex": 0 },
				"down": {"uv": [8, 13, 9, 14], "texture": "#0", "tintindex": 0 }
			}
		},
		{
			"from": [8, 3, 0],
			"to": [9, 4, 0.5],
			"faces": {
				"north": {"uv": [8, 12, 9, 13], "texture": "#0", "tintindex": 0 },
				"east": {"uv": [8, 12, 9, 13], "texture": "#0", "tintindex": 0 },
				"south": {"uv": [8, 12, 9, 13], "texture": "#0", "tintindex": 0 },
				"west": {"uv": [8, 12, 9, 13], "texture": "#0", "tintindex": 0 },
				"up": {"uv": [8, 12, 9, 13], "texture": "#0", "tintindex": 0 },
				"down": {"uv": [8, 12, 9, 13], "texture": "#0", "tintindex": 0 }
			}
		},
		{
			"from": [7, 3, 0],
			"to": [8, 4, 0.5],
			"faces": {
				"north": {"uv": [7, 12, 8, 13], "texture": "#0", "tintindex": 0 },
				"east": {"uv": [7, 12, 8, 13], "texture": "#0", "tintindex": 0 },
				"south": {"uv": [7, 12, 8, 13], "texture": "#0", "tintindex": 0 },
				"west": {"uv": [7, 12, 8, 13], "texture": "#0", "tintindex": 0 },
				"up": {"uv": [7, 12, 8, 13], "texture": "#0", "tintindex": 0 },
				"down": {"uv": [7, 12, 8, 13], "texture": "#0", "tintindex": 0 }
			}
		},
		{
			"from": [6, 4, 0],
			"to": [7, 5, 0.5],
			"faces": {
				"north": {"uv": [6, 11, 7, 12], "texture": "#0", "tintindex": 0 },
				"east": {"uv": [6, 11, 7, 12], "texture": "#0", "tintindex": 0 },
				"south": {"uv": [6, 11, 7, 12], "texture": "#0", "tintindex": 0 },
				"west": {"uv": [6, 11, 7, 12], "texture": "#0", "tintindex": 0 },
				"up": {"uv": [6, 11, 7, 12], "texture": "#0", "tintindex": 0 },
				"down": {"uv": [6, 11, 7, 12], "texture": "#0", "tintindex": 0 }
			}
		},
		{
			"from": [7, 5, 0],
			"to": [8, 6, 0.5],
			"faces": {
				"north": {"uv": [7, 10, 8, 11], "texture": "#0", "tintindex": 0 },
				"east": {"uv": [7, 10, 8, 11], "texture": "#0", "tintindex": 0 },
				"south": {"uv": [7, 10, 8, 11], "texture": "#0", "tintindex": 0 },
				"west": {"uv": [7, 10, 8, 11], "texture": "#0", "tintindex": 0 },
				"up": {"uv": [7, 10, 8, 11], "texture": "#0", "tintindex": 0 },
				"down": {"uv": [7, 10, 8, 11], "texture": "#0", "tintindex": 0 }
			}
		},
		{
			"from": [7, 6, 0],
			"to": [8, 7, 0.5],
			"faces": {
				"north": {"uv": [7, 9, 8, 10], "texture": "#0", "tintindex": 0 },
				"east": {"uv": [7, 9, 8, 10], "texture": "#0", "tintindex": 0 },
				"south": {"uv": [7, 9, 8, 10], "texture": "#0", "tintindex": 0 },
				"west": {"uv": [7, 9, 8, 10], "texture": "#0", "tintindex": 0 },
				"up": {"uv": [7, 9, 8, 10], "texture": "#0", "tintindex": 0 },
				"down": {"uv": [7, 9, 8, 10], "texture": "#0", "tintindex": 0 }
			}
		},
		{
			"from": [8, 5, 0],
			"to": [9, 6, 0.5],
			"faces": {
				"north": {"uv": [8, 10, 9, 11], "texture": "#0", "tintindex": 0 },
				"east": {"uv": [8, 10, 9, 11], "texture": "#0", "tintindex": 0 },
				"south": {"uv": [8, 10, 9, 11], "texture": "#0", "tintindex": 0 },
				"west": {"uv": [8, 10, 9, 11], "texture": "#0", "tintindex": 0 },
				"up": {"uv": [8, 10, 9, 11], "texture": "#0", "tintindex": 0 },
				"down": {"uv": [8, 10, 9, 11], "texture": "#0", "tintindex": 0 }
			}
		},
		{
			"from": [8, 7, 0],
			"to": [9, 8, 0.5],
			"faces": {
				"north": {"uv": [8, 8, 9, 9], "texture": "#0", "tintindex": 0 },
				"east": {"uv": [8, 8, 9, 9], "texture": "#0", "tintindex": 0 },
				"south": {"uv": [8, 8, 9, 9], "texture": "#0", "tintindex": 0 },
				"west": {"uv": [8, 8, 9, 9], "texture": "#0", "tintindex": 0 },
				"up": {"uv": [8, 8, 9, 9], "texture": "#0", "tintindex": 0 },
				"down": {"uv": [8, 8, 9, 9], "texture": "#0", "tintindex": 0 }
			}
		},
		{
			"from": [7, 8, 0],
			"to": [8, 9, 0.5],
			"faces": {
				"north": {"uv": [7, 7, 8, 8], "texture": "#0", "tintindex": 0 },
				"east": {"uv": [7, 7, 8, 8], "texture": "#0", "tintindex": 0 },
				"south": {"uv": [7, 7, 8, 8], "texture": "#0", "tintindex": 0 },
				"west": {"uv": [7, 7, 8, 8], "texture": "#0", "tintindex": 0 },
				"up": {"uv": [7, 7, 8, 8], "texture": "#0", "tintindex": 0 },
				"down": {"uv": [7, 7, 8, 8], "texture": "#0", "tintindex": 0 }
			}
		},
		{
			"from": [8, 9, 0],
			"to": [9, 10, 0.5],
			"faces": {
				"north": {"uv": [8, 6, 9, 7], "texture": "#0", "tintindex": 0 },
				"east": {"uv": [8, 6, 9, 7], "texture": "#0", "tintindex": 0 },
				"south": {"uv": [8, 6, 9, 7], "texture": "#0", "tintindex": 0 },
				"west": {"uv": [8, 6, 9, 7], "texture": "#0", "tintindex": 0 },
				"up": {"uv": [8, 6, 9, 7], "texture": "#0", "tintindex": 0 },
				"down": {"uv": [8, 6, 9, 7], "texture": "#0", "tintindex": 0 }
			}
		},
		{
			"from": [9, 9, 0],
			"to": [10, 10, 0.5],
			"faces": {
				"north": {"uv": [9, 6, 10, 7], "texture": "#0", "tintindex": 0 },
				"east": {"uv": [9, 6, 10, 7], "texture": "#0", "tintindex": 0 },
				"south": {"uv": [9, 6, 10, 7], "texture": "#0", "tintindex": 0 },
				"west": {"uv": [9, 6, 10, 7], "texture": "#0", "tintindex": 0 },
				"up": {"uv": [9, 6, 10, 7], "texture": "#0", "tintindex": 0 },
				"down": {"uv": [9, 6, 10, 7], "texture": "#0", "tintindex": 0 }
			}
		},
		{
			"from": [9, 10, 0],
			"to": [10, 11, 0.5],
			"faces": {
				"north": {"uv": [9, 5, 10, 6], "texture": "#0", "tintindex": 0 },
				"east": {"uv": [9, 5, 10, 6], "texture": "#0", "tintindex": 0 },
				"south": {"uv": [9, 5, 10, 6], "texture": "#0", "tintindex": 0 },
				"west": {"uv": [9, 5, 10, 6], "texture": "#0", "tintindex": 0 },
				"up": {"uv": [9, 5, 10, 6], "texture": "#0", "tintindex": 0 },
				"down": {"uv": [9, 5, 10, 6], "texture": "#0", "tintindex": 0 }
			}
		},
		{
			"from": [9, 11, 0],
			"to": [10, 12, 0.5],
			"faces": {
				"north": {"uv": [9, 4, 10, 5], "texture": "#0", "tintindex": 0 },
				"east": {"uv": [9, 4, 10, 5], "texture": "#0", "tintindex": 0 },
				"south": {"uv": [9, 4, 10, 5], "texture": "#0", "tintindex": 0 },
				"west": {"uv": [9, 4, 10, 5], "texture": "#0", "tintindex": 0 },
				"up": {"uv": [9, 4, 10, 5], "texture": "#0", "tintindex": 0 },
				"down": {"uv": [9, 4, 10, 5], "texture": "#0", "tintindex": 0 }
			}
		},
		{
			"from": [8, 12, 0],
			"to": [9, 13, 0.5],
			"faces": {
				"north": {"uv": [8, 3, 9, 4], "texture": "#0", "tintindex": 0 },
				"east": {"uv": [8, 3, 9, 4], "texture": "#0", "tintindex": 0 },
				"south": {"uv": [8, 3, 9, 4], "texture": "#0", "tintindex": 0 },
				"west": {"uv": [8, 3, 9, 4], "texture": "#0", "tintindex": 0 },
				"up": {"uv": [8, 3, 9, 4], "texture": "#0", "tintindex": 0 },
				"down": {"uv": [8, 3, 9, 4], "texture": "#0", "tintindex": 0 }
			}
		},
		{
			"from": [8, 13, 0],
			"to": [9, 14, 0.5],
			"faces": {
				"north": {"uv": [8, 2, 9, 3], "texture": "#0", "tintindex": 0 },
				"east": {"uv": [8, 2, 9, 3], "texture": "#0", "tintindex": 0 },
				"south": {"uv": [8, 2, 9, 3], "texture": "#0", "tintindex": 0 },
				"west": {"uv": [8, 2, 9, 3], "texture": "#0", "tintindex": 0 },
				"up": {"uv": [8, 2, 9, 3], "texture": "#0", "tintindex": 0 },
				"down": {"uv": [8, 2, 9, 3], "texture": "#0", "tintindex": 0 }
			}
		},
		{
			"from": [8, 15, 0],
			"to": [9, 16, 0.5],
			"faces": {
				"north": {"uv": [8, 0, 9, 1], "texture": "#0", "tintindex": 0 },
				"east": {"uv": [8, 0, 9, 1], "texture": "#0", "tintindex": 0 },
				"south": {"uv": [8, 0, 9, 1], "texture": "#0", "tintindex": 0 },
				"west": {"uv": [8, 0, 9, 1], "texture": "#0", "tintindex": 0 },
				"up": {"uv": [8, 0, 9, 1], "texture": "#0", "tintindex": 0 },
				"down": {"uv": [8, 0, 9, 1], "texture": "#0", "tintindex": 0 }
			}
		},
		{
			"from": [7, 12, 0],
			"to": [8, 13, 0.5],
			"faces": {
				"north": {"uv": [7, 3, 8, 4], "texture": "#0", "tintindex": 0 },
				"east": {"uv": [7, 3, 8, 4], "texture": "#0", "tintindex": 0 },
				"south": {"uv": [7, 3, 8, 4], "texture": "#0", "tintindex": 0 },
				"west": {"uv": [7, 3, 8, 4], "texture": "#0", "tintindex": 0 },
				"up": {"uv": [7, 3, 8, 4], "texture": "#0", "tintindex": 0 },
				"down": {"uv": [7, 3, 8, 4], "texture": "#0", "tintindex": 0 }
			}
		},
		{
			"from": [7, 11, 0],
			"to": [8, 12, 0.5],
			"faces": {
				"north": {"uv": [7, 4, 8, 5], "texture": "#0", "tintindex": 0 },
				"east": {"uv": [7, 4, 8, 5], "texture": "#0", "tintindex": 0 },
				"south": {"uv": [7, 4, 8, 5], "texture": "#0", "tintindex": 0 },
				"west": {"uv": [7, 4, 8, 5], "texture": "#0", "tintindex": 0 },
				"up": {"uv": [7, 4, 8, 5], "texture": "#0", "tintindex": 0 },
				"down": {"uv": [7, 4, 8, 5], "texture": "#0", "tintindex": 0 }
			}
		},
		{
			"from": [0, 0, 0],
			"to": [16, 16, 0.5],
			"faces": {
				"north": {"uv": [0, 0, 16, 16], "texture": "#2"},
				"east": {"uv": [0, 0, 16, 16], "texture": "#2"},
				"south": {"uv": [0, 0, 16, 16], "texture": "#2"},
				"west": {"uv": [0, 0, 16, 16], "texture": "#2"},
				"up": {"uv": [0, 0, 16, 16], "texture": "#2"},
				"down": {"uv": [0, 0, 16, 16], "texture": "#2"}
			}
		}
	],
	"groups": [
		{
			"name": "group",
			"origin": [8, 8, 8],
			"color": 0,
			"children": [0, 1, 2, 3, 4, 5, 6, 7, 8, 9, 10, 11, 12, 13, 14, 15, 16, 17, 18, 19, 20]
		}
	]
}