{
	"credit": "Made with Blockbench",
	"textures": {
		"0": "block/redstone_dust_overlay",
		"3": "block/redstone_dust_line1",
		"particle": "block/redstone_dust_dot"
	},
	"elements": [
		{
			"from": [8, 0, 0],
			"to": [9, 0.5, 1],
			"faces": {
				"north": {"uv": [8, 0, 9, 1], "texture": "#3", "tintindex": 0 },
				"east": {"uv": [8, 0, 9, 1], "texture": "#3", "tintindex": 0 },
				"south": {"uv": [8, 0, 9, 1], "texture": "#3", "tintindex": 0 },
				"west": {"uv": [8, 0, 9, 1], "texture": "#3", "tintindex": 0 },
				"up": {"uv": [8, 0, 9, 1], "texture": "#3", "tintindex": 0 },
				"down": {"uv": [8, 0, 9, 1], "texture": "#3", "tintindex": 0 }
			}
		},
		{
			"from": [8, 0, 2],
			"to": [9, 0.5, 3],
			"faces": {
				"north": {"uv": [8, 2, 9, 3], "texture": "#3", "tintindex": 0 },
				"east": {"uv": [8, 2, 9, 3], "texture": "#3", "tintindex": 0 },
				"south": {"uv": [8, 2, 9, 3], "texture": "#3", "tintindex": 0 },
				"west": {"uv": [8, 2, 9, 3], "texture": "#3", "tintindex": 0 },
				"up": {"uv": [8, 2, 9, 3], "texture": "#3", "tintindex": 0 },
				"down": {"uv": [8, 2, 9, 3], "texture": "#3", "tintindex": 0 }
			}
		},
		{
			"from": [8, 0, 3],
			"to": [9, 0.5, 4],
			"faces": {
				"north": {"uv": [8, 3, 9, 4], "texture": "#3", "tintindex": 0 },
				"east": {"uv": [8, 3, 9, 4], "texture": "#3", "tintindex": 0 },
				"south": {"uv": [8, 3, 9, 4], "texture": "#3", "tintindex": 0 },
				"west": {"uv": [8, 3, 9, 4], "texture": "#3", "tintindex": 0 },
				"up": {"uv": [8, 3, 9, 4], "texture": "#3", "tintindex": 0 },
				"down": {"uv": [8, 3, 9, 4], "texture": "#3", "tintindex": 0 }
			}
		},
		{
			"from": [7, 0, 3],
			"to": [8, 0.5, 4],
			"faces": {
				"north": {"uv": [7, 3, 8, 4], "texture": "#3", "tintindex": 0 },
				"east": {"uv": [7, 3, 8, 4], "texture": "#3", "tintindex": 0 },
				"south": {"uv": [7, 3, 8, 4], "texture": "#3", "tintindex": 0 },
				"west": {"uv": [7, 3, 8, 4], "texture": "#3", "tintindex": 0 },
				"up": {"uv": [7, 3, 8, 4], "texture": "#3", "tintindex": 0 },
				"down": {"uv": [7, 3, 8, 4], "texture": "#3", "tintindex": 0 }
			}
		},
		{
			"from": [7, 0, 4],
			"to": [8, 0.5, 5],
			"faces": {
				"north": {"uv": [7, 4, 8, 5], "texture": "#3", "tintindex": 0 },
				"east": {"uv": [7, 4, 8, 5], "texture": "#3", "tintindex": 0 },
				"south": {"uv": [7, 4, 8, 5], "texture": "#3", "tintindex": 0 },
				"west": {"uv": [7, 4, 8, 5], "texture": "#3", "tintindex": 0 },
				"up": {"uv": [7, 4, 8, 5], "texture": "#3", "tintindex": 0 },
				"down": {"uv": [7, 4, 8, 5], "texture": "#3", "tintindex": 0 }
			}
		},
		{
			"from": [9, 0, 4],
			"to": [10, 0.5, 5],
			"faces": {
				"north": {"uv": [9, 4, 10, 5], "texture": "#3", "tintindex": 0 },
				"east": {"uv": [9, 4, 10, 5], "texture": "#3", "tintindex": 0 },
				"south": {"uv": [9, 4, 10, 5], "texture": "#3", "tintindex": 0 },
				"west": {"uv": [9, 4, 10, 5], "texture": "#3", "tintindex": 0 },
				"up": {"uv": [9, 4, 10, 5], "texture": "#3", "tintindex": 0 },
				"down": {"uv": [9, 4, 10, 5], "texture": "#3", "tintindex": 0 }
			}
		},
		{
			"from": [9, 0, 5],
			"to": [10, 0.5, 6],
			"faces": {
				"north": {"uv": [9, 5, 10, 6], "texture": "#3", "tintindex": 0 },
				"east": {"uv": [9, 5, 10, 6], "texture": "#3", "tintindex": 0 },
				"south": {"uv": [9, 5, 10, 6], "texture": "#3", "tintindex": 0 },
				"west": {"uv": [9, 5, 10, 6], "texture": "#3", "tintindex": 0 },
				"up": {"uv": [9, 5, 10, 6], "texture": "#3", "tintindex": 0 },
				"down": {"uv": [9, 5, 10, 6], "texture": "#3", "tintindex": 0 }
			}
		},
		{
			"from": [9, 0, 6],
			"to": [10, 0.5, 7],
			"faces": {
				"north": {"uv": [9, 6, 10, 7], "texture": "#3", "tintindex": 0 },
				"east": {"uv": [9, 6, 10, 7], "texture": "#3", "tintindex": 0 },
				"south": {"uv": [9, 6, 10, 7], "texture": "#3", "tintindex": 0 },
				"west": {"uv": [9, 6, 10, 7], "texture": "#3", "tintindex": 0 },
				"up": {"uv": [9, 6, 10, 7], "texture": "#3", "tintindex": 0 },
				"down": {"uv": [9, 6, 10, 7], "texture": "#3", "tintindex": 0 }
			}
		},
		{
			"from": [8, 0, 6],
			"to": [9, 0.5, 7],
			"faces": {
				"north": {"uv": [8, 6, 9, 7], "texture": "#3", "tintindex": 0 },
				"east": {"uv": [8, 6, 9, 7], "texture": "#3", "tintindex": 0 },
				"south": {"uv": [8, 6, 9, 7], "texture": "#3", "tintindex": 0 },
				"west": {"uv": [8, 6, 9, 7], "texture": "#3", "tintindex": 0 },
				"up": {"uv": [8, 6, 9, 7], "texture": "#3", "tintindex": 0 },
				"down": {"uv": [8, 6, 9, 7], "texture": "#3", "tintindex": 0 }
			}
		},
		{
			"from": [8, 0, 7],
			"to": [9, 0.5, 8],
			"faces": {
				"north": {"uv": [8, 7, 9, 8], "texture": "#3", "tintindex": 0 },
				"east": {"uv": [8, 7, 9, 8], "texture": "#3", "tintindex": 0 },
				"south": {"uv": [8, 7, 9, 8], "texture": "#3", "tintindex": 0 },
				"west": {"uv": [8, 7, 9, 8], "texture": "#3", "tintindex": 0 },
				"up": {"uv": [8, 7, 9, 8], "texture": "#3", "tintindex": 0 },
				"down": {"uv": [8, 7, 9, 8], "texture": "#3", "tintindex": 0 }
			}
		},
		{
			"from": [7, 0, 7],
			"to": [8, 0.5, 8],
			"faces": {
				"north": {"uv": [7, 7, 8, 8], "texture": "#3", "tintindex": 0 },
				"east": {"uv": [7, 7, 8, 8], "texture": "#3", "tintindex": 0 },
				"south": {"uv": [7, 7, 8, 8], "texture": "#3", "tintindex": 0 },
				"west": {"uv": [7, 7, 8, 8], "texture": "#3", "tintindex": 0 },
				"up": {"uv": [7, 7, 8, 8], "texture": "#3", "tintindex": 0 },
				"down": {"uv": [7, 7, 8, 8], "texture": "#3", "tintindex": 0 }
			}
		},
		{
			"from": [0, 0, 0],
			"to": [16, 0.5, 16],
			"faces": {
				"north": {"uv": [0, 0, 16, 16], "texture": "#0"},
				"east": {"uv": [0, 0, 16, 16], "texture": "#0"},
				"south": {"uv": [0, 0, 16, 16], "texture": "#0"},
				"west": {"uv": [0, 0, 16, 16], "texture": "#0"},
				"up": {"uv": [0, 0, 16, 16], "texture": "#0"},
				"down": {"uv": [0, 0, 16, 16], "texture": "#0"}
			}
		}
	],
	"groups": [
		{
			"name": "group",
			"origin": [0, 0, 0],
			"color": 0,
			"children": [0, 1, 2, 3, 4, 5, 6, 7, 8, 9, 10, 11]
		}
	]
}