{
	"credit": "Made with Blockbench",
	"textures": {
		"0": "block/redstone_dust_overlay",
		"2": "block/redstone_dust_line0",
		"particle": "block/redstone_dust_dot"
	},
	"elements": [
		{
			"from": [7, 0, 15],
			"to": [8, 0.5, 16],
			"faces": {
				"north": {"uv": [7, 15, 8, 16], "texture": "#2", "tintindex": 0 },
				"east": {"uv": [7, 15, 8, 16], "texture": "#2", "tintindex": 0 },
				"south": {"uv": [7, 15, 8, 16], "texture": "#2", "tintindex": 0 },
				"west": {"uv": [7, 15, 8, 16], "texture": "#2", "tintindex": 0 },
				"up": {"uv": [7, 15, 8, 16], "texture": "#2", "tintindex": 0 },
				"down": {"uv": [7, 15, 8, 16], "texture": "#2", "tintindex": 0 }
			}
		},
		{
			"from": [8, 0, 14],
			"to": [9, 0.5, 15],
			"faces": {
				"north": {"uv": [8, 14, 9, 15], "texture": "#2", "tintindex": 0 },
				"east": {"uv": [8, 14, 9, 15], "texture": "#2", "tintindex": 0 },
				"south": {"uv": [8, 14, 9, 15], "texture": "#2", "tintindex": 0 },
				"west": {"uv": [8, 14, 9, 15], "texture": "#2", "tintindex": 0 },
				"up": {"uv": [8, 14, 9, 15], "texture": "#2", "tintindex": 0 },
				"down": {"uv": [8, 14, 9, 15], "texture": "#2", "tintindex": 0 }
			}
		},
		{
			"from": [8, 0, 13],
			"to": [9, 0.5, 14],
			"faces": {
				"north": {"uv": [8, 13, 9, 14], "texture": "#2", "tintindex": 0 },
				"east": {"uv": [8, 13, 9, 14], "texture": "#2", "tintindex": 0 },
				"south": {"uv": [8, 13, 9, 14], "texture": "#2", "tintindex": 0 },
				"west": {"uv": [8, 13, 9, 14], "texture": "#2", "tintindex": 0 },
				"up": {"uv": [8, 13, 9, 14], "texture": "#2", "tintindex": 0 },
				"down": {"uv": [8, 13, 9, 14], "texture": "#2", "tintindex": 0 }
			}
		},
		{
			"from": [8, 0, 12],
			"to": [9, 0.5, 13],
			"faces": {
				"north": {"uv": [8, 12, 9, 13], "texture": "#2", "tintindex": 0 },
				"east": {"uv": [8, 12, 9, 13], "texture": "#2", "tintindex": 0 },
				"south": {"uv": [8, 12, 9, 13], "texture": "#2", "tintindex": 0 },
				"west": {"uv": [8, 12, 9, 13], "texture": "#2", "tintindex": 0 },
				"up": {"uv": [8, 12, 9, 13], "texture": "#2", "tintindex": 0 },
				"down": {"uv": [8, 12, 9, 13], "texture": "#2", "tintindex": 0 }
			}
		},
		{
			"from": [7, 0, 12],
			"to": [8, 0.5, 13],
			"faces": {
				"north": {"uv": [7, 12, 8, 13], "texture": "#2", "tintindex": 0 },
				"east": {"uv": [7, 12, 8, 13], "texture": "#2", "tintindex": 0 },
				"south": {"uv": [7, 12, 8, 13], "texture": "#2", "tintindex": 0 },
				"west": {"uv": [7, 12, 8, 13], "texture": "#2", "tintindex": 0 },
				"up": {"uv": [7, 12, 8, 13], "texture": "#2", "tintindex": 0 },
				"down": {"uv": [7, 12, 8, 13], "texture": "#2", "tintindex": 0 }
			}
		},
		{
			"from": [6, 0, 11],
			"to": [7, 0.5, 12],
			"faces": {
				"north": {"uv": [6, 11, 7, 12], "texture": "#2", "tintindex": 0 },
				"east": {"uv": [6, 11, 7, 12], "texture": "#2", "tintindex": 0 },
				"south": {"uv": [6, 11, 7, 12], "texture": "#2", "tintindex": 0 },
				"west": {"uv": [6, 11, 7, 12], "texture": "#2", "tintindex": 0 },
				"up": {"uv": [6, 11, 7, 12], "texture": "#2", "tintindex": 0 },
				"down": {"uv": [6, 11, 7, 12], "texture": "#2", "tintindex": 0 }
			}
		},
		{
			"from": [7, 0, 10],
			"to": [8, 0.5, 11],
			"faces": {
				"north": {"uv": [7, 10, 8, 11], "texture": "#2", "tintindex": 0 },
				"east": {"uv": [7, 10, 8, 11], "texture": "#2", "tintindex": 0 },
				"south": {"uv": [7, 10, 8, 11], "texture": "#2", "tintindex": 0 },
				"west": {"uv": [7, 10, 8, 11], "texture": "#2", "tintindex": 0 },
				"up": {"uv": [7, 10, 8, 11], "texture": "#2", "tintindex": 0 },
				"down": {"uv": [7, 10, 8, 11], "texture": "#2", "tintindex": 0 }
			}
		},
		{
			"from": [8, 0, 10],
			"to": [9, 0.5, 11],
			"faces": {
				"north": {"uv": [8, 10, 9, 11], "texture": "#2", "tintindex": 0 },
				"east": {"uv": [8, 10, 9, 11], "texture": "#2", "tintindex": 0 },
				"south": {"uv": [8, 10, 9, 11], "texture": "#2", "tintindex": 0 },
				"west": {"uv": [8, 10, 9, 11], "texture": "#2", "tintindex": 0 },
				"up": {"uv": [8, 10, 9, 11], "texture": "#2", "tintindex": 0 },
				"down": {"uv": [8, 10, 9, 11], "texture": "#2", "tintindex": 0 }
			}
		},
		{
			"from": [7, 0, 9],
			"to": [8, 0.5, 10],
			"faces": {
				"north": {"uv": [7, 9, 8, 10], "texture": "#2", "tintindex": 0 },
				"east": {"uv": [7, 9, 8, 10], "texture": "#2", "tintindex": 0 },
				"south": {"uv": [7, 9, 8, 10], "texture": "#2", "tintindex": 0 },
				"west": {"uv": [7, 9, 8, 10], "texture": "#2", "tintindex": 0 },
				"up": {"uv": [7, 9, 8, 10], "texture": "#2", "tintindex": 0 },
				"down": {"uv": [7, 9, 8, 10], "texture": "#2", "tintindex": 0 }
			}
		},
		{
			"from": [8, 0, 8],
			"to": [9, 0.5, 9],
			"faces": {
				"north": {"uv": [8, 8, 9, 9], "texture": "#2", "tintindex": 0 },
				"east": {"uv": [8, 8, 9, 9], "texture": "#2", "tintindex": 0 },
				"south": {"uv": [8, 8, 9, 9], "texture": "#2", "tintindex": 0 },
				"west": {"uv": [8, 8, 9, 9], "texture": "#2", "tintindex": 0 },
				"up": {"uv": [8, 8, 9, 9], "texture": "#2", "tintindex": 0 },
				"down": {"uv": [8, 8, 9, 9], "texture": "#2", "tintindex": 0 }
			}
		},
		{
			"from": [0, 0, 0],
			"to": [16, 0.5, 16],
			"faces": {
				"north": {"uv": [0, 0, 16, 16], "texture": "#0"},
				"east": {"uv": [0, 0, 16, 16], "texture": "#0"},
				"south": {"uv": [0, 0, 16, 16], "texture": "#0"},
				"west": {"uv": [0, 0, 16, 16], "texture": "#0"},
				"up": {"uv": [0, 0, 16, 16], "texture": "#0"},
				"down": {"uv": [0, 0, 16, 16], "texture": "#0"}
			}
		}
	],
	"groups": [
		{
			"name": "group",
			"origin": [8, 8, 8],
			"color": 0,
			"children": [0, 1, 2, 3, 4, 5, 6, 7, 8, 9]
		},
		10
	]
}